id,Year,Date,Location,Latitude,Longitude,Country,ESTNUM,Via,Outbound,scale,carcass,live
0,2000,2000-03-15 00:00:00,"Fanling, Hong Kong",22.491683,114.141468,China - Hong Kong,2145,Indonesia,,2145,,
2,2001,2001-01-01 00:00:00,Hong Kong,22.319201,114.169612,China - Hong Kong,2700,,,2700,,
3,2001,2001-03-18 00:00:00,Kelantan,6.125397,102.238071,Malaysia,100,,Thailand,,,100
4,2001,2001-04-26 00:00:00,Kuala Lumpur,3.156949,101.712303,Malaysia,400,,,,,
5,2001,2001-05-09 00:00:00,Yong Pen,2.01196,103.05817,Malaysia,202,, ,,,202
6,2001,2001-07-25 00:00:00,Tiandu Town ,34.233285,108.875623,China,5,,,,,5
7,2002,2002-01-08 00:00:00,Muang,8.047284,98.777033,Thailand,400,,,,,400
8,2002,2002-03-01 00:00:00,Beihai,21.481291,109.120161,China,3,,,,3, 
9,2002,2002-07-01 00:00:00,Lang Suan,9.948601,99.081991,Thailand,712,,,,,712
10,2003,2003-02-01 00:00:00,Noi Bai Airport,21.218715,105.804171,Vietnam,616,Malaysia, ,,,616
11,2003,2003-06-24 00:00:00,Jalan Batu,2.277572,103.858263,Malaysia,207,,,,,207
12,2003,2003-11-13 00:00:00,Don Muang Airport,13.916496,100.600397,Thailand,288,Malaysia,Laos,,,288
13,2003,2003-11-18 00:00:00,Don Muang Airport,13.916496,100.600397,Thailand,509,Malaysia,Laos,,,509
14,2004,2004-06-01 00:00:00,Jalan Segamat,2.479908,102.907876,Malaysia,280,,Thailand,,,280
15,2004,2004-07-20 00:00:00,Padang Besar,6.662622,100.321665,Malaysia,103,,Thailand,,,103
16,2004,2004-09-09 00:00:00,Hong Kong,22.319201,114.169612,China - Hong Kong,1944,Malaysia,,1005,939,
17,2004,2004-10-26 00:00:00,Jalan Segamat,2.479908,102.907876,Malaysia,49,,,,,49
18,2004,2004-12-02 00:00:00,Quang Ninh Province,21.006382,107.292514,Vietnam,43,,China,,,
19,2005,2005-01-01 00:00:00,Hoi Ha Wan,22.470897,114.335629,China - Hong Kong,2000,,,,2000,
20,2005,2005-07-03 00:00:00,Udon Thani,17.413841,102.787233,Thailand,150,Malaysia,Laos,,150, 
21,2005,2005-07-04 00:00:00,Kaohsiung,22.627278,120.301435,China - Taiwan,400,Indonesia,,400,,
22,SPLIT 2005-2006,2005-12-01 00:00:00,Yunnan,24.475285,101.343106,China,416,,,,416,
23,2006,2006-01-10 00:00:00,Phitsanulok,17.036386,100.583514,Thailand,69,, ,,,69
24,2006,2006-04-07 00:00:00,Nong Khai,17.87828,102.741264,Thailand,80,,Laos,,,80
25,2006,2006-06-26 00:00:00,Don Muang Airport,13.916496,100.600397,Thailand,245,Malaysia, ,,,245
26,2006,2006-11-19 00:00:00,Mekong,13.756331,100.501765,Thailand,260,,,,,260
27,2006,2006-11-19 00:00:00,Guangxi,23.72476,108.807619,China,53,,,,14,39
29,2007,2007-01-30 00:00:00,"Bekelam, Bachok",6.037507,102.340661,Malaysia,288,,,,,288
30,2007,2007-03-14 00:00:00,Jalan Gambang,3.718788,103.135751,Malaysia,1,,,,,
31,2007,2007-06-14 00:00:00,Guangdong,23.379033,113.763283,China,11,,,,,11
32,2007,2007-07-03 00:00:00,Pranburi,12.395836,99.857142,Thailand,102,,,,,102
33,2007,2007-10-07 00:00:00,Chumphon,10.49305,99.18002,Thailand,130,Malaysia,Laos,,,130
34,2008,2008-01-01 00:00:00,Palembang,-2.976073,104.775431,Indonesia,2760,,,,,
35,2008,2008-01-12 00:00:00,Guangdong,23.379033,113.763283,China,53,,,,37,16
36,2008,2008-01-29 00:00:00,Mekong,13.756331,100.501765,Thailand,275,,Laos,, ,275
37,2008,2008-02-26 00:00:00,Pursat,12.465182,103.8912,Cambodia,8,,,,,8
38,2008,2008-02-29 00:00:00,Hai Phong,20.844911,106.688084,Vietnam,5100,Indonesia,China,900, , 
39,2008,2008-04-04 00:00:00,Tianbao,23.047321,113.778679,China,189,Vietnam,,, , 
40,2008,2008-06-01 00:00:00,Muar ,2.063052,102.584872,Malaysia,167,,,,,167
41,2008,2008-08-13 00:00:00,Chumphon,10.49305,99.18002,Thailand,40,,,,,
42,2009,2009-01-01 00:00:00,Beijing,39.904202,116.407394,China,40,,,,,
43,2009,2009-02-06 00:00:00,Bangkok,13.756331,100.501762,Thailand,66,,Laos,,,66
44,2009,2009-02-16 00:00:00,Bongyang,24.411034,94.059006,India,340,,Myanmar,340,,
45,2009,2009-02-22 00:00:00,Bangkok,13.756331,100.501762,Thailand,200,,,, ,200
46,2009,2009-03-01 00:00:00,Poipet,13.657905,102.580903,Cambodia,5,,Thailand,,,5
47,2009,2009-04-26 00:00:00,Nong Khai,17.87828,102.741264,Thailand,45,,Laos,,2,43
48,2009,2009-04-27 00:00:00,East Kalimantan,0.538659,116.419389,Indonesia,208,,,20,185,3
49,2009,2009-05-15 00:00:00,Kanchanaburi Province,14.02278,99.532811,Thailand,13,,,,,13
50,2009,2009-05-23 00:00:00,Riau,0.293347,101.706829,Indonesia,50,,,,50,
51,2009,2009-06-02 00:00:00,Nong Khai Province,17.87828,102.741264,Thailand,80,,Laos,,,80
52,2009,2009-06-06 00:00:00,Soekarno-Hatta,-6.127528,106.653706,Indonesia,153,West Jakarta,Hong Kong,,,
53,2009,2009-06-07 00:00:00,Guangxi,23.72476,108.807619,China,1,,,,1,
55,2009,2009-06-30 00:00:00,Kelantan,6.125397,102.238071,Malaysia,6,,,,,6
56,2009,2009-07-05 00:00:00,Muang,8.047284,98.777033,Thailand,10,Myanmar,,,,10
57,2009,2009-07-12 00:00:00,Bongyang,24.411034,94.059006,India,1,,Myanmar,0.95,,
58,2009,2009-08-24 00:00:00,Hai Phong,20.844911,106.688084,Vietnam,2000,Indonesia,,2000, , 
59,2009,2009-08-27 00:00:00,Alor Setar,6.12107,100.369797,Malaysia,101,,,3.2,,98
60,2009-2015,2009-09-01 00:00:00,Fangchenggang,21.617752,108.34536,China,21,,,,,
61,2009,2009-09-07 00:00:00,Kelantan,6.125397,102.238071,Malaysia,93,,,,,93
62,2009,2009-09-16 00:00:00,Tengnoupal,24.383792,94.148177,India,482,,Myanmar,482,,
63,2009,2009-09-27 00:00:00,Johor,1.485368,103.761815,Malaysia,40,,,,,40
65,2009,2009-12-11 00:00:00,Ha Tinh Province,18.294378,105.674525,Vietnam,54,Laos,,,,54
66,2009,2009-12-14 00:00:00,Kota Lubuklinggau, -3.299586,102.857236,Indonesia,15,,,,1,14
67,2009,2009-12-15 00:00:00,Muar,2.063052,102.584872,Malaysia,62,,,,31,31
68,2009,2009-12-18 00:00:00,Pahang Province,3.812632,103.32562,Malaysia,130,,,,,130
69,2010,2010-02-01 00:00:00,Ujong Pasir,2.189126,102.272676,Malaysia,35,,,,,
70,2010,2010-03-01 00:00:00,Bahan,16.814317,96.158001,Myanmar,13,,,,,13
71,2010,2010-03-01 00:00:00,Kedah / Perak,6.118396,100.368459,Malaysia,3,,,,,
72,SPLIT 2010-2011,2010-03-01 00:00:00,Naypyidaw,19.763306,96.07851,Myanmar,408,,,400,,8
73,2010,2010-03-02 00:00:00,Parit Jawa,1.959316,102.643229,Malaysia,15,Indonesia,,,,15
74,2010,2010-03-20 00:00:00,Ho Chi Minh City's Tan Son Nhat airport,10.818463,106.658825,Vietnam,33,Cambodia,China,,,33
75,2010,2010-04-24 00:00:00,"Butterworth, State of Penang",5.438031,100.388192,Malaysia,67,,,,,
76,2010,2010-05-01 00:00:00,Kathmandu,27.717245,85.323959,Nepal,46,,,46,,
79,2010,2010-06-16 00:00:00,Guwahati Airport,26.106473,91.586047,India,320,Imphal,Myanmar,320,,
80,2010,2010-07-01 00:00:00,Khudengthabi,24.303754,94.254486,India,40,,Myanmar,40,,
81,2010,2010-07-13 00:00:00,Guangdong,23.379033,113.763283,China,2090,Malaysia,, ,2090, 
83,2010,2010-07-31 00:00:00,Bellary,15.139393,76.921443,India,3,,,2.5,,
84,2010,2010-08-13 00:00:00,Ho Chi Minh City,10.823099,106.629662,Vietnam,13,,,,,
85,2010,2010-08-19 00:00:00,Muang,8.047284,98.777033,Thailand,105,Malaysia,Laos,,,105
86,2010,2010-08-26 00:00:00,Da Lat,11.940419,108.458313,Vietnam,3,,,,,
87,2010,2010-09-27 00:00:00,Yen Thanh,19.051129,105.453672,Vietnam,100,,,,,
88,2010,2010-10-13 00:00:00,Alberton,-26.260071,28.127831,South Africa,1,,,,,1
89,2010,2010-10-15 00:00:00,Thab Sakae District,11.525923,99.567348,Thailand,106,,Laos,,,106
90,2010,2010-10-27 00:00:00,Parit Jamil,1.944526,102.656591,Malaysia,23,Indonesia,,,,23
91,2010,2010-11-03 00:00:00,Quang Ninh,21.006382,107.292514,Vietnam,51,,,,,
92,2010,2010-11-10 00:00:00,Dharan,26.794386,87.281727,Nepal,27,India, ,27,,
93,2010,2010-11-17 00:00:00,Panchthar,27.20364,87.815672,Nepal,1,,,,,
94,2010,2010-11-19 00:00:00,Thanh Hoa,20.129128,105.313118,Vietnam,6,,,,,
95,2010,2010-11-27 00:00:00,Kolkata,22.572646, 88.363895,India,501,,Myanmar,501,,
96,2010,2010-11-29 00:00:00,Imphal,24.817011,93.936844,India,55,,Myanmar,55,,
98,2010,2010-12-09 00:00:00,Chi Linh,21.11325,106.303195,Vietnam,32,Hoa Binh,Mong Cai,,,
99,2010,2010-12-16 00:00:00,Lumut,4.236302,100.63222,Malaysia,153,,,,,
100,2011,2011-01-01 00:00:00,Arniko,27.71202,85.31295,Nepal,60,,China - TAR,60,,
101,2011,2011-01-01 00:00:00,Thanh Hoa,20.129128,105.313118,Vietnam,3,,,,,3
102,2011,2011-01-01 00:00:00,Thanh Hoa,20.129128,105.313118,Vietnam,4,,,,,4
103,2011,2011-01-01 00:00:00,Charles de Gaulle Airport,49.009691,2.547925,France,3,,,,,
104,2011,2011-01-03 00:00:00,Kavre,27.525942,85.56121,Nepal,1,,,,,1
105,2011,2011-01-05 00:00:00,Thai Binh,20.538694,106.393478,Vietnam,96,,Quang Ninh,,,96
107,2011,2011-01-17 00:00:00,Dien Chau,19.017969,105.570887,Vietnam,1,Laos,,,,1
108,2011,2011-01-20 00:00:00,Dak Lak,12.710012,108.237752,Vietnam,1,,,,,
109,2011,2011-02-24 00:00:00,Penang,5.416394,100.332679,Malaysia,135,, ,, ,135
110,2011,2011-03-19 00:00:00,Chandel,24.182749,94.151376,India,301,,,301,,
111,2011,2011-03-24 00:00:00,Ky anh,18.055958,106.299291,Vietnam,15,Laos,,,15,
113,2011,2011-04-02 00:00:00,Kathmandu,27.717245,85.323959,Nepal,1,,,,,1
114,2011,2011-04-04 00:00:00,Kelantan,6.125397,102.238071,Malaysia,40,,Thailand,,,40
115,2011,2011-04-20 00:00:00,Pranburi,12.395836,99.857142,Thailand,173,Malaysia,,, ,173
116,2011,2011-05-01 00:00:00,Yunnan,24.475285,101.343106,China,11,Myanmar,,,,11
117,2011,2011-05-26 00:00:00,Tanjung Priok,-6.132055,106.871485,Indonesia,65,,Vietnam,65, , 
118,2011,2011-05-26 00:00:00,Moreh,24.251281,94.301304,India,253,,Myanmar,253,,
119,2011,2011-06-11 00:00:00,"Butterworth, State of Penang",5.438031,100.388192,Malaysia,35,,,,,35
120,2011,2011-06-14 00:00:00,Kolkata Airport,22.647372,88.440648,India,80,,,80,,
121,2011,2011-06-15 00:00:00,Moreh,24.251281,94.301304,India,11,,Myanmar,10.5,,
122,2011,2011-06-16 00:00:00,Khudengthabi,24.303754,94.254486,India,26,,Myanmar,26,,
123,2011,2011-06-28 00:00:00,Khudengthabi,24.303754,94.254486,India,12,,Myanmar,12,,
125,2011,2011-06-29 00:00:00,Phnom Penh,11.556374,104.92821,Cambodia,7,,,,,
127,2011,2011-07-02 00:00:00,Harare,-17.825167,31.03351,Zimbabwe,1,,,,,1
128,2011,2011-07-08 00:00:00,Quang Ninh,21.006382,107.292514,Vietnam,83,Bac Ning,Mong Cai,,,83
129,2011,2011-07-10 00:00:00,Soekarno-Hatta Airport,-6.127528,106.653706,Indonesia,380,,Singapore,380, , 
130,2011,2011-07-15 00:00:00,Mong Cai,21.525944,107.972367,Vietnam,410,,China,410,,
131,2011,2011-07-26 00:00:00,Kathmandu,27.717245,85.323959,Nepal,1,,,,,1
133,2011,2011-08-10 00:00:00,Thai Binh,20.538694,106.393478,Vietnam,12,,,,12,
134,2011,2011-08-14 00:00:00,Sindhupalchowk,27.951203,85.684578,Nepal,10,,,10,,
135,2011,2011-08-22 00:00:00,Khudengthabi,24.303754,94.254486,India,65,,Myanmar,65,,
136,2011,2011-08-30 00:00:00,Bac Ninh,21.178177,106.071026,Vietnam,100,Laos,,,,
137,2011,2011-09-01 00:00:00,Brussels,50.85034,4.35171,Belgium,100,Guinea,Thailand,,,
138,2011,2011-09-09 00:00:00,Imphal,24.817011,93.936844,India,64,,Myanmar,64,,
139,2011,2011-09-26 00:00:00,Pranburi,12.395836,99.857142,Thailand,97,Malaysia, ,,,97
140,2011,2011-09-28 00:00:00,Belawan,3.784303,98.694221,Indonesia,111,,,,,
141,2011,2011-10-05 00:00:00,Khudengthabi,24.303754,94.254486,India,21,,Myanmar,21,,
142,2011,2011-10-12 00:00:00,Pranburi,12.395836,99.857142,Thailand,115,,,,,115
143,2011,2011-10-23 00:00:00,Silchar,24.833271,92.778905,India,144,"""Southern India""",Myanmar,144,,
144,2011,2011-10-24 00:00:00,Hai Duong,20.938596,106.320686,Vietnam,75,,China,,75,
145,2011,2011-11-01 00:00:00,Bulawayo,-20.132507,28.626478,Zimbabwe,1,,,,,1
146,2011,2011-11-01 00:00:00,Perak,4.592113,101.090109,Malaysia,12,,Thailand,,,12
147,2011,2011-11-02 00:00:00,Imphal,24.817011,93.936844,India,14,,Myanmar,14,,
148,2011,2011-11-06 00:00:00,Tung Dien,21.582633,106.516662,Vietnam,73,Laos,,,,
149,2011,2011-11-15 00:00:00,Nong Khai,17.87828,102.741264,Thailand,1,,Laos,,,1
150,2011,2011-11-22 00:00:00,Narathiwat,6.425461,101.825314,Thailand,50,Malaysia,,,,50
151,2011,2011-12-05 00:00:00,Cap Treo,10.351041,107.066585,Vietnam,11,Laos,,,,11
152,SPLIT 2011-2012,2011-12-07 00:00:00,Kampung Bahagia,2.825588,101.492778,Malaysia,1068,,,,,
153,2011,2011-12-11 00:00:00,Ha Tinh,18.294378,105.674525,Vietnam,106,Laos,,,,106
154,2011,2011-12-13 00:00:00,Hanoi,21.003118,105.820141,Vietnam,56,,,,,56
155,2011,2011-12-15 00:00:00,Tao Xuyen,19.84418,105.79996,Vietnam,88,,,,,
156,2011,2011-12-25 00:00:00,Nong Khai,17.87828,102.741264,Thailand,74,Laos,,,,74
157,2011,2011-12-28 00:00:00,Khanh Hoa,12.25851,109.052608,Vietnam,8,,,,,
158,2011,2011-12-30 00:00:00,Ha Tinh,18.294378,105.674525,Vietnam,70,,,,,
159,2012,2012-01-01 00:00:00,Kampala,0.347596,32.58252,Uganda,4,,,4,,
161,2012,2012-01-02 00:00:00,Rimoi Game Reserve,0.663387,35.527476,Kenya,1,,,,,1
162,2012,2012-01-04 00:00:00,Puerto Princesa Airport,9.745656,118.750432,Philippines,95,,,95,,
163,2012,2012-01-04 00:00:00,Bac Son,10.94364,106.95067,Vietnam,10,,,,,
164,2012,2012-01-06 00:00:00,Puerto Princesa Airport,9.745656,118.750432,Philippines,5,,,,,
165,2012,2012-01-13 00:00:00,Surat Thani,9.138239,99.321748,Thailand,180,,,,,
166,2012,2012-01-18 00:00:00,Puerto Princesa,9.967216,118.78551,Philippines,7,,,7,,
167,2012,2012-01-20 00:00:00,Vairengte,24.491023,92.758419,India,90,,Myanmar,90,,
168,2012,2012-01-30 00:00:00,Sadao,6.636483,100.423837,Thailand,45,,,,,
169,2012,2012-02-01 00:00:00,Rajaji,29.991732,78.289642,India,30,,,30,,
170,2012,2012-02-21 00:00:00,Trang,7.559385,99.611007,Thailand,11,,,,,
171,2012,2012-02-27 00:00:00,Hai Duong,20.938596,106.320686,Vietnam,154,,,,,
172,2012,2012-02-28 00:00:00,Fujian,26.483684,117.9249,China,45,,,,,
173,2012,2012-03-01 00:00:00,Kuala Lumpur Airport,2.745596,101.70716,Malaysia,50,,,,,50
174,2012,2012-03-01 00:00:00,Fangchenggang,21.617752,108.34536,China,59,,,,,
175,2012,2012-03-02 00:00:00,Yunnan,24.475285,101.343106,China,2,,,,,2
176,2012,2012-03-08 00:00:00,Mong Cai,21.525944,107.972367,Vietnam,240,,,,,
177,2012,2012-03-13 00:00:00,Daluo,21.699818,100.052995,China,1,Myanmar,,,,1
178,2012,2012-03-14 00:00:00,Thanh Hoa,20.129128,105.313118,Vietnam,8,,,,,
179,2012,2012-03-15 00:00:00,Khudengthabi,24.303754,94.254486,India,5,,Myanmar,5,,
180,2012,2012-03-24 00:00:00,Perak,4.592113,101.090109,Malaysia,18,, ,,,18
182,2012,2012-04-04 00:00:00,Ho Chi Minh City airport,10.818463,106.658825,Vietnam,2,,,2,,
183,2012,2012-04-06 00:00:00,Brussels,50.85034,4.35171,Belgium,8,Cameroon, ,,8,
184,2012,2012-04-10 00:00:00,Thanh Hoa,20.129128,105.313118,Vietnam,4,,,,,
185,2012,2012-04-23 00:00:00,Nghe An,19.234249,104.920036,Vietnam,71,Laos,,,,71
186,2012,2012-05-10 00:00:00,Kuala Lumpur Airport,2.745596,101.70716,Malaysia,94,,,,,
187,2012,2012-05-11 00:00:00,Tengchong,25.020439,98.490966,China,42,,,,,
188,2012,2012-05-13 00:00:00,Shenzhen,22.543096,114.057865,China,25,,,25.4,,
189,2012,2012-05-16 00:00:00,Phetchaburi,12.964922,99.642588,Thailand,158,,,,,158
190,2012,2012-05-17 00:00:00,Harare,-17.825167,31.03351,Zimbabwe,1,,,,,
191,2012,2012-06-01 00:00:00,Shanghai,31.23039,121.473702,China,5,,,,,
192,2012,2012-06-01 00:00:00,Various,1.30592,103.822316,Various,1220,,,,,
193,2012,2012-06-02 00:00:00,Hanoi,21.003118,105.820141,Vietnam,41,Laos,,,,
194,2012,2012-06-04 00:00:00,Bachok,6.047656,102.394478,Malaysia,155,,Thailand,,,155
195,2012,2012-06-04 00:00:00,Jeli,5.700699,101.843151,Malaysia,16,,Thailand,,,16
196,2012,2012-06-07 00:00:00,Pranburi,12.395836,99.857142,Thailand,110,,,,,
197,2012,2012-06-17 00:00:00,Beijing Airport,40.079857,116.603112,China,42,,,42,,
198,2012,2012-06-25 00:00:00,Arniko,27.71202,85.31295,Nepal,50,,,49.2,,
199,2012,2012-06-25 00:00:00,Nanning,22.817002,108.366543,China,343,, ,,,
200,2012,2012-06-26 00:00:00,Hong Kong,22.319201,114.169612,China - Hong Kong,208,,,208,,
202,2012,2012-06-29 00:00:00,Yunnan,24.475285,101.343106,China,3,,,2.799,,
203,2012,2012-07-06 00:00:00,Makwanpur,27.554636,85.023346,Nepal,1,,,,,
204,2012,2012-07-09 00:00:00,Manipur,24.663717,93.906269,India,20,,,19.8,,
205,2012,2012-07-11 00:00:00,Kampala,0.347596,32.58252,Uganda,115,,,115,,
206,2012,2012-07-15 00:00:00,Beijing,39.904202,116.407394,China,120,,,,,
207,2012,2012-07-19 00:00:00,Nong Khai,17.87828,102.741264,Thailand,12,,,,,
209,2012,2012-07-28 00:00:00,Medan,3.600425,98.682064,Indonesia,85,,,,,
211,2012,2012-08-31 00:00:00,Thoubal,24.543551,93.967437,India,5,,,5,,
212,2012,2012-09-01 00:00:00,"Dongmen, Shenzhen",22.546593,114.119453,China,122,,,,,
213,2012,2012-09-04 00:00:00,Ha Tinh,18.294378,105.674525,Vietnam,118,,,,,
214,2012,2012-09-07 00:00:00,Mizoram,23.164543,92.937574,India,386,,,386,,
215,2012,2012-09-14 00:00:00,Jhapa district,26.63982,87.894245,Nepal,14,,,13.6,,
216,2012,2012-09-22 00:00:00,Alor Setar,6.12107,100.369797,Malaysia,18,,,,,
217,2012,2012-09-26 00:00:00,Imphal,24.817011,93.936844,India,14,,,14,,
219,2012,2012-10-13 00:00:00,Sindhupalchowk,27.951203,85.684578,Nepal,38,,,37.8,,
220,2012,2012-10-16 00:00:00,Bukit Kayu Hitam,6.509743,100.420391,Malaysia,23,,,,,
222,2012,2012-10-28 00:00:00,Kathmandu,27.717245,85.323959,Nepal,1,,,,,
224,2012,2012-11-13 00:00:00,Colombo,6.927079,79.861243,Sri Lanka,2,,,2,,
225,2012,2012-11-14 00:00:00,Nong Khai,17.87828,102.741264,Thailand,52,,,,,
226,2012,2012-11-14 00:00:00,Jinshan,30.741991,121.341969,China,5,,,,,
228,2012,2012-11-30 00:00:00,Chitwan,27.529131,84.354205,Nepal,1,,,,,
229,2012,2012-12-07 00:00:00,Soekarno-Hatta International Airport,-6.127528,106.653706,Indonesia,72,,,,,
230,2012,2012-12-12 00:00:00,Brussels,50.85034,4.35171,Belgium,3,,,,,
231,2012,2012-12-23 00:00:00,Huilai,23.033266,116.29515,China,2357,,,325,,
232,2012,2012-12-25 00:00:00,Nong Khai,17.87828,102.741264,Thailand,42,,,,,
233,2012,2012-12-26 00:00:00,Cau Treo,18.390937,105.159654,Vietnam,100,,,,,
234,2013,2013-01-04 00:00:00,Soekarno-Hatta,-6.127528,106.653706,Indonesia,189,,,Y,,
235,2013,2013-01-05 00:00:00,Guangzhou,23.12911,113.264385,China,184,,,66,,
236,2013,2013-01-06 00:00:00,Various,1.30592,103.822316,Various,50,,,50,,
237,2013,2013-01-13 00:00:00,Prachuap Khiri Khan,11.812367,99.797327,Thailand,180,,,,,
238,2013,2013-01-16 00:00:00,Hanoi,21.003118,105.820141,Vietnam,263,Laos,,263,,
239,2013,2013-01-23 00:00:00,Zhengzhou,34.746611,113.625328,China,19,,,,19,
240,2013,2013-01-27 00:00:00,Ha Tinh,18.294378,105.674525,Vietnam,20,,,,,
241,2013,2013-02-27 00:00:00,Sarlahi,26.962714,85.56121,Nepal,3,,,,,
242,2013,2013-02-27 00:00:00,Bac Giang,21.301495,106.62913,Vietnam,5,,,,,
243,2013,2013-03-05 00:00:00,Bhadrapur,26.536331,88.080305,Nepal,3,,,3,,
244,2013,2013-03-21 00:00:00,Mong Cai,21.525944,107.972367,Vietnam,880,,,,880, 
245,2013,2013-03-25 00:00:00,Mekong,13.756331,100.501765,Thailand,104,,Laos,,,
246,2013,2013-03-31 00:00:00,Quang Ninh,21.006382,107.292514,Vietnam,40,,,,,
247,2013,2013-04-01 00:00:00,Lhasa,29.652491,91.17211,China,139,Nepal,,139,,
248,2013,2013-04-01 00:00:00,Charles de Gaulle Airport,49.009691,2.547925,France,50,Cameroon,Vietnam,50,,
249,2013,2013-04-08 00:00:00,Palawan,9.834949,118.738362,Philippines,2000,,,,,
250,2013,2013-04-20 00:00:00,Kanpur,26.449923,80.331874,India,11,,,11,,
251,2013,2013-04-23 00:00:00,Palawan,9.834949,118.738362,Philippines,23,,,,,
253,2013,2013-04-26 00:00:00,Roissy Airport,49.009691,2.547925,France,51,,,51,,
254,2013,2013-04-26 00:00:00,Limbe,4.022466,9.195443,Cameroon,80,,Nigeria,80,,
255,2013,2013-05-06 00:00:00,Tatopani,27.98,85.93,Nepal,9,,,9,,
256,2013,2013-05-14 00:00:00,"Bermani Ilir, Sumatra",-3.701718,102.702022,Indonesia,26,,,,,
258,2013,2013-05-17 00:00:00,Quang Ninh,21.006382,107.292514,Vietnam,23,,,,,
259,2013,2013-05-17 00:00:00,"Chana district, Songkhla",6.844726,100.66471,Thailand,89,Malaysia,,,,89
260,2013,2013-05-17 00:00:00,Jakarta,-6.180495,106.828341,Indonesia,189,,,,189,
261,2013,2013-05-18 00:00:00,"Fuklingkot VDC, Sindhupalchok district",27.951203,85.684578,Nepal,80,,China,80,,
263,2013,2013-05-26 00:00:00,"Mirijjawila, Hambantota",6.121344,81.079115,Sri Lanka,1,,,,1,
264,2013,2013-05-28 00:00:00,Hai Duong,20.938596,106.320686,Vietnam,39,,,,,
266,2013,2013-06-02 00:00:00,Sunsera,29.899453,80.699263,Nepal,35,,,35,,
267,2013,2013-06-10 00:00:00,Kathmandu,27.717245,85.323959,Nepal,45,India,,45,,
268,2013,2013-06-14 00:00:00,"Agboville, Agnéby-Tiassa Region",6.82147,-5.27985,Côte d’Ivoire,12,,,,12,
269,2013,2013-06-16 00:00:00,Kalakate,27.809352,82.763704,Nepal,40,,,40,,
270,2013,2013-06-19 00:00:00,Luu Kiem,20.967985,106.670396,Vietnam,81,,,,,
271,2013,2013-06-24 00:00:00,Quang Ninh,21.006382,107.292514,Vietnam,57,,,,,
272,2013,2013-06-26 00:00:00,Kuala Lumpur,3.156949,101.712303,Malaysia,150,,,,,
274,2013,2013-07-03 00:00:00,Hanoi,21.003118,105.820141,Vietnam,4,,,,,
275,2013,2013-07-03 00:00:00,Hanoi,21.003118,105.820141,Vietnam,6,,,,,
276,2013,2013-07-03 00:00:00,Hanoi,21.003118,105.820141,Vietnam,14,,,,,
277,2013,2013-07-08 00:00:00,Bukit Kayu Hitam,6.509743,100.420391,Malaysia,26,,,,,26
278,2013,2013-07-08 00:00:00,"Guangzhou Baiyun Airport, Canton, Guangdong Province",23.395908,113.30797,China,40,Africa,,40.28,,
279,2013,2013-07-16 00:00:00,"Beijing Capital International Airport, China",40.079857,116.603112,China,4,,,3.9,,
280,2013,2013-07-17 00:00:00,Quang Ninh,21.006382,107.292514,Vietnam,96,,,,,
281,2013,2013-07-17 00:00:00,Quang Ninh,21.006382,107.292514,Vietnam,62,,,,,
282,2013,2013-07-18 00:00:00,Quang Ninh,21.006382,107.292514,Vietnam,75,,,,,
283,2013,2013-07-19 00:00:00,Guwahati,26.144517,91.736237,India,85,,,85,,
284,2013,2013-07-21 00:00:00,Bukit Kayu Hitam,6.509743,100.420391,Malaysia,49,,,,,49
285,2013,2013-07-25 00:00:00,"Gangkou District, Guangxi Zhuang Autonomous Region",21.643383,108.380143,China,26,,,,,26
286,2013,2013-07-29 00:00:00,"Sabak Awor, State of Johor",2.070657,102.562743,Malaysia,15,,,,,15
287,2013,2013-07-29 00:00:00,"Guangzhou, Guangdong Province",23.12911,113.264385,China,49,,,,2,47
288,2013,2013-07-31 00:00:00,Siliguri,26.727101,88.395286,India,70,,,70,,
289,2013,2013-08-01 00:00:00,Hai Phong,20.844911,106.688084,Vietnam,4018,,,990,Y,
290,2013,2013-08-12 00:00:00,"Davangere, State of Karnataka",14.464409,75.921758,India,25,,,25,,
291,2013,2013-08-14 00:00:00,Quang Ninh,21.006382,107.292514,Vietnam,14,,,,,
292,2013,2013-08-15 00:00:00,Fangchenggang,21.617752,108.34536,China,28,,,,28,
293,2013,2013-08-30 00:00:00,Hung Yen,20.852571,106.016997,Vietnam,104,,,,,
294,2013,2013-09-16 00:00:00,Udon Thani,17.413841,102.787233,Thailand,200,,Laos,,,
295,2013,2013-10-01 00:00:00,Quang Ninh,21.006382,107.292514,Vietnam,44,,,,,
296,2013,2013-10-22 00:00:00,Phu Yen,13.105706,109.295048,Vietnam,49,,,,,
297,2013,2013-10-22 00:00:00,Ha Tinh,18.294378,105.674525,Vietnam,39,,,,,
298,2013,2013-10-31 00:00:00,Cam Xuyen,18.172165,106.016997,Vietnam,25,,,,,
299,2013,2013-11-04 00:00:00,Vinh,18.679585,105.681333,Vietnam,10,,,,,
300,2013,2013-12-03 00:00:00,Quang Ninh,21.006382,107.292514,Vietnam,124,,,,,
301,2014,2014-01-01 00:00:00,Sankhuwasabha,27.614192,87.14229,Nepal,14,,,14,,
302,2014,2014-01-01 00:00:00,Dandeli,15.249678,74.617374,India,2,,,2,,
303,2014,2014-01-01 00:00:00,Lhasa,29.652491,91.17211,China,218,,,218.15,,
304,2014,2014-01-04 00:00:00,Banjarmasin,-3.318607,114.594378,Indonesia,86,,,,,
305,2014,2014-01-20 00:00:00,Palangka Raya,-1.749378,113.668075,Indonesia,90,,,,,
306,2014,2014-01-23 00:00:00,Hanoi,21.003118,105.820141,Vietnam,263,Kenya,,263,,
307,2014,2014-01-24 00:00:00,Fangchenggang,21.617752,108.34536,China,39,,,,,39
308,2014,2014-01-31 00:00:00,Wenzhou,27.993828,120.699361,China,32,,,32,,
309,2014,2014-02-01 00:00:00,Thanh Hoa,20.129128,105.313118,Vietnam,5,,,,,
310,2014,2014-02-16 00:00:00,Tengchong,25.020439,98.490966,China,3,,,2.7,,
311,2014,2014-02-18 00:00:00,Pasaman,0.220939,100.170326,Indonesia,15,,,,,15
312,2014,2014-02-19 00:00:00,Zhuhai,22.270978,113.576677,China,1,Macao,,1.019,,
313,2014,2014-02-24 00:00:00,Kepahiang,-3.613009,102.667557,Indonesia,1,,,,,1
314,2014,2014-03-01 00:00:00,Wenzhou,27.993828,120.699361,China,31,,,,,
315,2014,2014-03-01 00:00:00,Mai Son,21.12191,104.053676,Vietnam,52,,,,,
316,2014,2014-03-03 00:00:00,Bengkalis,1.413919,101.615777,Indonesia,8,Bengkalis Island,Malaysia,,3,5
317,2014,2014-03-06 00:00:00,Wenshan,23.400733,104.216248,China,2,Vietnam,,1,,1
318,2014,2014-03-10 00:00:00,Sampit Airport,-2.502689,112.976711,Indonesia,73,,,73,,
319,2014,2014-03-18 00:00:00,Lianghe,24.804232,98.296657,China,6,,,,,
320,2014,2014-03-21 00:00:00,Dispur,26.143346,91.789795,India,18,,,18.3,,
321,2014,2014-03-25 00:00:00,Udon Thani,17.413841,102.787233,Thailand,37,,,,,37
322,2014,2014-04-01 00:00:00,Benazir Bhutto International Airport,33.608782,73.103851,Pakistan,145,,,145,,
323,2014,2014-04-01 00:00:00,Baoshan,25.112046,99.161761,China,2,,,,,
324,2014,2014-04-02 00:00:00,Thừa Thiên–Huế Province,16.467397,107.590533,Vietnam,1,Laos,,,,1
325,2014,2014-04-04 00:00:00,Medan,3.600425,98.682064,Indonesia,5,,,,,
326,2014,2014-04-08 00:00:00,Kakarvitta,26.646384,88.155974,Nepal,13,,,13,,
328,2014,2014-04-11 00:00:00,Guangxi,23.72476,108.807619,China,24,Vietnam,,,,
329,2014,2014-04-11 00:00:00,Chipata,-13.64451,32.6447,Zambia,1,,,,,
330,2014,2014-04-12 00:00:00,Shanghai,31.23039,121.473702,China,30,Cameroon,,30,,
331,2014,2014-04-14 00:00:00,Yaoundé,3.848033,11.502075,Cameroon,120,,,120,,
334,2014,2014-05-01 00:00:00,Zhuhai,22.270978,113.576677,China,956,,,,,
335,2014,2014-05-01 00:00:00,Medan,3.600425,98.682064,Indonesia,15,,,6,5,4
336,2014,2014-05-07 00:00:00,Lomé,6.13365,1.22311,Togo,200,,,200,,
337,2014,2014-05-08 00:00:00,Lai Chau,22.368661,103.311909,Vietnam,4,,,,,4
338,2014,2014-05-08 00:00:00,"Yongren, Yunnan Province",26.049464,101.666132,China,10,,Sichuan,,,10
339,2014,2014-05-13 00:00:00,Muara Beliti,-3.233706,103.012652,Indonesia,1,,,,,1
340,2014,2014-05-16 00:00:00,Pathum Thani,14.020839,100.525028,Thailand,130,,,,,
341,2014,2014-05-18 00:00:00,Mong Cai,21.525944,107.972367,Vietnam,21,,,,,
342,2014,2014-05-19 00:00:00,"Dali, Yunnan Province",25.606486,100.267638,China,4,,,,1,3
343,2014,2014-05-21 00:00:00,Riau,0.293347,101.706829,Indonesia,46,,,,,
344,2014,2014-05-22 00:00:00,Wenshan,23.400733,104.216248,China,2,,,,,
345,2014,2014-05-23 00:00:00,"Jiangxi Province, China",27.087456,114.904221,China,1,,,,,1
346,2014,2014-05-28 00:00:00,Chongzuo,22.377253,107.365094,China,7,Vietnam,,,7,
347,2014,2014-05-28 00:00:00,Hong Kong,22.319201,114.169612,China - Hong Kong,1000,"Uganda, Kenya, Malaysia",,1000,,
348,2014,2014-06-02 00:00:00,Taipei,25.032969,121.565418,China - Taiwan,1,,,,,1
349,2014,2014-06-03 00:00:00,Taizhou,32.455536,119.922933,China,2,,,,,
350,2014,2014-06-03 00:00:00,Lampung,-4.558585,105.406808,Indonesia,22,,,,,
351,2014,2014-06-11 00:00:00,Hong Kong,22.319201,114.169612,China - Hong Kong,2340,Cameroon,,2340,,
352,2014,2014-06-17 00:00:00,Kathmandu,27.717245,85.323959,Nepal,1,,,1,,
353,2014,2014-06-22 00:00:00,Ha Long,20.971198,107.044807,Vietnam,44,,,,,
354,2014,2014-06-30 00:00:00,Ha Long,20.971198,107.044807,Vietnam,66,,,,,66
355,2014,2014-07-01 00:00:00,Lhasa,29.652491,91.17211,China,25,,,25,,
356,2014,2014-07-01 00:00:00,Harare,-17.825167,31.03351,Zimbabwe,1,,,,,1
357,2014,2014-07-02 00:00:00,Roissy Airport,49.009691,2.547925,France,250,Nigeria,Laos,250,,
358,2014,2014-07-03 00:00:00,Changlun,6.43183 ,100.429997,Malaysia,92,,,,,
359,2014,2014-07-06 00:00:00,"Phetsakem road, Province of Chumphon",10.503589,98.987708,Thailand,34,"Malaysia, Thailand",,,34,
360,2014,2014-07-17 00:00:00,Chandel,24.182749,94.151376,India,0.4,,,0.4,,
361,2014,2014-07-17 00:00:00,"Guiétsou, province Ngounié",-1.49303,10.9807,Gabon,1,,,,,1
362,2014,2014-07-22 00:00:00,Ho Chi Minh City,10.823099,106.629662,Vietnam,2,,,,,2
363,2014,2014-07-23 00:00:00,Hai Phong,20.844911,106.688084,Vietnam,1471,Sierra Leone,,1471,,
364,2014,2014-07-26 00:00:00,Bim Son,20.084895,105.85752,Vietnam,20,,,,,
366,2014,2014-07-29 00:00:00,Mong Cai,21.525944,107.972367,Vietnam,49,,,,,
367,2014,2014-07-29 00:00:00,Ha Long,20.971198,107.044807,Vietnam,16,,,,,0
369,2014,2014-08-04 00:00:00,Fusul Xian,34.341574,108.93977,China,1,,,,,
370,2014,2014-08-05 00:00:00,Bac Ha,18.344146,105.89731,Vietnam,4,,,,,
371,2014,2014-08-16 00:00:00,Than Hoa,20.129128,105.313118,Vietnam,175,,,175,,
372,2014,2014-08-25 00:00:00,Harare,-17.825167,31.03351,Zimbabwe,1,,,,,1
373,2014,2014-08-26 00:00:00,Yunnan,24.475285,101.343106,China,4,,,,,
374,2014,2014-09-01 00:00:00,"Balaghat, Madhya Pradesh",21.812876,80.183829,India,2,,,2,,
375,2014,2014-09-01 00:00:00,Madhya Pradesh,22.973423,78.656894,India,47,,,47,,
376,2014,2014-09-01 00:00:00,"Changsha, Hunan Province",28.228209,112.938814,China,232,,,,,232
378,2014,2014-09-07 00:00:00,Dudhpati,27.672103,85.418211,Nepal,1,,,1,,
379,2014,2014-09-09 00:00:00,Lang Suan,9.948601,99.081991,Thailand,320,,,200,,
380,2014,2014-09-11 00:00:00,Guangzhou,23.12911,113.264385,China,457,,,,,
381,2014,2014-09-13 00:00:00,"Kuala Kurau, Perak State",5.016441,100.431796,Malaysia,250,,,150,,
382,2014,2014-09-17 00:00:00,Beijing,39.904202,116.407394,China,165,,,165,,
383,2014,2014-09-19 00:00:00,Kathmandu,27.717245,85.323959,Nepal,2,,,1.9,,
384,2014,2014-09-22 00:00:00,Maharashtra,19.75148,75.713888,India,43,,,43,,
385,2014,2014-09-25 00:00:00,Hunan,27.6253,111.856859,China,37,,,,,
386,2014,2014-10-01 00:00:00,Yaoundé,3.848033,11.502075,Cameroon,150,,,150,,
387,2014,2014-10-09 00:00:00,Mutare,-18.975771,32.650351,Zimbabwe,1,Mozambique,,,,
388,2014,2014-10-10 00:00:00,"Haikou, Hainan Province",20.044412,110.198286,China,3,,,,,3
389,2014,2014-10-21 00:00:00,"Kepahiang, Province of Bengkulu",-3.613009,102.667557,Indonesia,1,,,,,1
390,2014,2014-10-27 00:00:00,Khudengthabi,24.303754,94.254486,India,2,,,1.7,,
391,2014,2014-10-30 00:00:00,"Beaufort, Sabah",5.345118,115.745112,Malaysia,12,,,,2,10
392,2014,2014-10-31 00:00:00,"Bakauheni, Province of Lampung",-5.832932,105.699912,Indonesia,140,,,140,,
393,2014,2014-11-01 00:00:00,"Qinzhou, Guangxi Province",21.979933,108.654146,China,26,,,,,26
394,2014,2014-11-01 00:00:00,"Nanping, Fujian",26.641774,118.17771,China,3,,,,1,2
395,2014,2014-11-03 00:00:00,Doiwala,30.173436,78.125085,India,10,,,10,,
396,SPLIT 2012-2014,2014-11-03 00:00:00,"Hengyang, Hunan Province",26.893368,112.572018,China,10,,,,,10
397,2014,2014-11-13 00:00:00,Imphal,24.817011,93.936844,India,11,,,10.7,,
398,2014,2014-11-18 00:00:00,Alor Setar,6.12107,100.369797,Malaysia,43,,,,,
399,2014,2014-11-19 00:00:00,Ha Giang,22.766206,104.938885,Vietnam,4,,China,,1,3
400,2014,2014-11-25 00:00:00,Kota Kinabalu,5.980408,116.073457,Malaysia,12,,,,,
401,2014,2014-11-30 00:00:00,Fuding,27.324479,120.216978,China,1,,,,,1
402,2014,2014-12-01 00:00:00,"Hassan, State of Karnataka",13.006814,76.099552,India,2,,,2,,
403,2014,2014-12-11 00:00:00,Hanoi,21.003118,105.820141,Vietnam,3,,,,,3
404,2014,2014-12-20 00:00:00,Mong Cai,21.525944,107.972367,Vietnam,26,,China,,26,
405,2014,2014-12-24 00:00:00,"Kuching, Sarawak",1.553504,110.359293,Malaysia,100,,,100,,
406,2015,2015-01-01 00:00:00,Guangzhou Baiyun Airport,23.395908,113.30797,China,220,,,220,,
407,2015,2015-01-01 00:00:00,"Yongjia, Wenzhou",28.153607,120.692025,China,137,,,,,
408,2015,2015-01-01 00:00:00,"Zhangjiagang, Jiangsu Province",31.875572,120.556005,China,84,Cameroon, ,83.5,,
409,2015,2015-01-01 00:00:00,Harare,-17.825167,31.03351,Zimbabwe,1,,,,,1
410,2015,2015-01-01 00:00:00,Harare,-17.825167,31.03351,Zimbabwe,1,,,,,1
413,2015,2015-01-04 00:00:00,Dehradun,30.316495,78.032192,India,8,,Nepal,7.5,,
414,2015,2015-01-05 00:00:00,Guangdong Province,23.379033,113.763283,China,2,,,,2,
415,2015,2015-01-13 00:00:00,Soekarno-Hatta Airport,-6.127528,106.653706,Indonesia,405,,,405,,
416,2015,2015-01-15 00:00:00,Guangxi,23.72476,108.807619,China,24,,,,,24
417,2015,2015-01-16 00:00:00,Guangzhou,23.12911,113.264385,China,2000,Nigeria,,2000,,
418,2015,2015-01-17 00:00:00,Harare,-17.825167,31.03351,Zimbabwe,1,,,,,1
419,2015,2015-01-17 00:00:00,Chiang Mai,18.787747,98.993128,Thailand,151,,,,,
420,2015,2015-01-21 00:00:00,Kampala,0.347596,32.58252,Uganda,7310,,, ,,
421,2015,2015-01-22 00:00:00,Harare,-17.825167,31.03351,Zimbabwe,2,,,,,
422,2015,2015-01-25 00:00:00,Entebbe Airport,0.043591,32.441794,Uganda,2029,,,2029,,
423,2015,2015-01-26 00:00:00,"Cibinong, West Java Province / Jakarta",-6.490107,106.830695,Indonesia,10,,,10,,
424,2015,2015-02-01 00:00:00,Bac Ninh,21.178177,106.071026,Vietnam,42,,,,,
425,2015,2015-02-01 00:00:00,"Kunming, Yunnan",24.880095,102.832891,China,7,Myanmar,,,2,5
427,2015,2015-02-01 00:00:00,"Guoxingxiang Area, Nantou County",23.960998,120.971864,China - Taiwan,2,,,,,2
428,SPLIT 2015-2016,2015-02-01 00:00:00,Maharashtra,19.75148,75.713888,India,56,,,56.75,,
429,2015,2015-02-20 00:00:00,Bangkok,13.756331,100.501762,Thailand,150,,,,,
430,2015,2015-02-20 00:00:00,Peducha,25.719751,93.986496,India,10,,,10,,
431,2015,2015-02-24 00:00:00,Attarpur,27.682599,85.894669,Nepal,4,,,4,,
432,2015,2015-02-27 00:00:00,"Allangouasou, N’zi-Comoé Region",6.82147,-5.27985,Côte d’Ivoire,2,,,,2,
433,2015,2015-03-01 00:00:00,Chaozhou,23.656703,116.622756,China,5,,,,,5
434,2015,2015-03-01 00:00:00,"Wenzhou, Zhejiang Province",27.993828,120.699361,China,1,,,,,1
435,2015,2015-03-01 00:00:00,"Franz-Josef Strauss International Airport, Munich",48.35598,11.79002,Germany,1,Ghana, ,,,
436,2015,2015-03-09 00:00:00,"Pathiu District, Chumphon Province",10.794463,99.322921,Thailand,70,Malaysia,,,70,
437,2015,2015-03-11 00:00:00,"Xiangtan, Hunan Province",27.829795,112.944026,China,1,,,,,1
438,2015,2015-03-18 00:00:00,"Zhangping, Fujian Province",25.290184,117.419998,China,1,,,,,1
439,2015,2015-03-20 00:00:00,Hong Kong,22.36685,114.130259,China - Hong Kong,2000,Nigeria,,2000,,
440,2015,2015-03-20 00:00:00,Hunan,27.6253,111.856859,China,2,,,,,
441,2015,2015-03-27 00:00:00,Pudong International Airport,31.150958,121.805605,China,274,Nigeria,,274,,
442,2015,2015-03-27 00:00:00,Shanghai-Pudong International Airport,31.144344,121.808273,China,274,Nigeria,,274,,
443,2015,2015-03-27 00:00:00,"Halong, Quang Ninh Province",20.971198,107.044807,Vietnam,56,,China,,,
444,2015,2015-03-28 00:00:00,Gokwe,-18.216727,28.947042,Zimbabwe,3,,,,,3
446,2015,2015-04-01 00:00:00,Hanoi,21.003118,105.820141,Vietnam,36,,,,,
448,2015,2015-04-01 00:00:00,Harare,-17.825167,31.03351,Zimbabwe,2,,,,,2
449,2015,2015-04-02 00:00:00,Beijing,39.904202,116.407394,China,1,,,,,
450,2015,2015-04-02 00:00:00,Jiangbei District,29.606703,106.574271,China,1,,,,,1
451,2015,2015-04-03 00:00:00,Thai Binh,20.538694,106.393478,Vietnam,85,,,84.5,,
452,2015,2015-04-04 00:00:00,Mong Cai,21.525944,107.972367,Vietnam,50,,,,,
453,2015,2015-04-06 00:00:00,Kuala Kurau,5.016441,100.431796,Malaysia,34,,,,,
454,2015,2015-04-10 00:00:00,Hanoi,21.003118,105.820141,Vietnam,13,,,,,
456,2015,2015-04-23 00:00:00,Medan,3.600425,98.682064,Indonesia,196,,,100,,
457,2015,2015-05-01 00:00:00,Harare,-17.825167,31.03351,Zimbabwe,1,,,,,
458,2015,2015-05-06 00:00:00,Hong Kong,22.319201,114.169612,China - Hong Kong,129,,,129,,
459,2015,2015-05-08 00:00:00,Lac Thuy,20.513672,105.733346,Vietnam,43,,,,,
460,2015,2015-05-12 00:00:00,Kwekwe,-18.920133,29.823655,Zimbabwe,1,,,,,
461,2015,2015-05-14 00:00:00,Ha Tinh,18.294378,105.674525,Vietnam,36,,,,,
462,2015,2015-05-15 00:00:00,Karoi,-16.81551,29.690475,Zimbabwe,1,,,,,
463,2015,2015-05-21 00:00:00,Khawasa,21.703465,79.442259,India,1,,,1,,
465,2015,2015-05-29 00:00:00,"Banyuasin, South Sumatra",-2.609564,104.752094,Indonesia,8,,,1,,
466,2015,2015-05-29 00:00:00,Guwahati,26.144517,91.736237,India,8,,,8,,
467,2015,2015-05-30 00:00:00,Kohima,25.658596,94.105331,India,8,,,8,,
468,2015,2015-06-01 00:00:00,Kampala,0.347596,32.58252,Uganda,50,,,50,,
469,2015,2015-06-01 00:00:00,Kampala,0.347596,32.58252,Uganda,6,,,6,,
470,2015,2015-06-01 00:00:00,"Yongkang City, Zhejiang",28.888555,120.047651,China,1,,,0.5,,
471,2015,2015-06-01 00:00:00,Kampala,0.347596,32.58252,Uganda,50,,,50,,
472,2015,2015-06-01 00:00:00,"Zhuji, Zhejiang",29.708692,120.246863,China,89,,,,11.51,77
473,2015,2015-06-18 00:00:00,Harare,-17.825167,31.03351,Zimbabwe,1,,,,,1
474,2015,2015-06-27 00:00:00,Uong Bi,21.033908,106.764821,Vietnam,15,,,,,
475,2015,2015-07-01 00:00:00,Limpopo,-23.401295,29.417932,South Africa,1,,,Y,,
476,2015,2015-07-01 00:00:00,Harare,-17.825167,31.03351,Zimbabwe,4,,,Y,,
477,SPLIT 2015-2016,2015-07-01 00:00:00,"Shengzhou, Shaoxing, Zhejiang",29.56141,120.831025,China,2,,,,2,
478,2015,2015-07-03 00:00:00,Odisha / Mizoram,20.951666,85.098524,India,1,,,1,,
479,2015,2015-07-05 00:00:00,Odisha,20.951666,85.098524,India,10,,,10,,
480,2015,2015-07-09 00:00:00,Surabaya,-7.265103,112.745,Indonesia,455,,,,455,
481,2015,2015-07-10 00:00:00,Simpang Pulai,4.528985,101.12923,Malaysia,3,,,,,
482,2015,2015-07-13 00:00:00,Brahmapur,19.314962,84.794091,India,1,,,1,,
483,2015,2015-07-16 00:00:00,Taoyuan,24.993628,121.30098,China - Taiwan,5,,,,,5
484,2015,2015-07-17 00:00:00,Zhejiang,29.141643,119.788925,China,9,,,,3,6
485,2015,2015-07-17 00:00:00,Zhuji,29.708692,120.246863,China,9,,,,6,3
486,2015,2015-07-30 00:00:00,Harare,-17.825167,31.03351,Zimbabwe,5,,,5,,
488,2015,2015-08-05 00:00:00,Maharashtra,19.75148,75.713888,India,9,, ,8.5,,
489,2015,2015-08-08 00:00:00,"Checheche, Chipinge",-20.763666,32.216832,Zimbabwe,1,,,Y,,
490,2015,2015-08-09 00:00:00,Madhya Pradesh,22.973423,78.656894,India,1,,,1,,
491,2015,2015-08-09 00:00:00,Nghe An,19.234249,104.920036,Vietnam,10,,, ,, 
493,2015,2015-08-11 00:00:00,Hai Duong,20.938596,106.320686,Vietnam,85,,,,,
494,2015,2015-08-12 00:00:00,"Mahalaxmi Municipality, Lalitpur",27.642717,85.370461,Nepal,4,,,4.15,,
495,2015,2015-08-13 00:00:00,Nga Son,19.998188,105.993491,Vietnam,56,,, ,,
496,2015,2015-08-15 00:00:00,Tan Son Nhat International Airport,10.818463,106.658825,Vietnam,42,Nigeria,,42.2,,
497,2015,2015-08-20 00:00:00,Harare,-17.825167,31.03351,Zimbabwe,1,,,Y,,
498,2015,2015-08-25 00:00:00,Chipinge,-20.191426,32.633397,Zimbabwe,1,,,,,1
499,2015,2015-08-25 00:00:00,Danang's Tien Sa port,16.12194,108.219313,Vietnam,4000,Malaysia,,4000,,
500,2015,2015-09-01 00:00:00,"Hosur, Tamil Nadu",12.740913,77.825292,India,1,Karnataka State,,1,,
501,2015,2015-09-07 00:00:00,Prachuap Khiri Khan,11.812367,99.797327,Thailand,60,,,,no exact number ,
503,2015,2015-09-09 00:00:00,Harare,-17.825167,31.03351,Zimbabwe,1,,,Y,,
504,2015,2015-09-11 00:00:00,"Kampung Padang Buloh,  Pekan",3.492095,103.389545,Malaysia,97,,,,,97
506,2015,2015-09-20 00:00:00,Hekou,22.529403,103.93935,China,1,,,1,,
507,2015,2015-09-21 00:00:00,Katete,-14.058413,32.043969,Zambia,1,Mozambique,, ,,
508,2015,2015-09-21 00:00:00,Panzhihua,26.582347,101.718637,China,2,,,,,2
509,2015,2015-09-21 00:00:00,Fangchenggang,21.617752,108.34536,China,32,,,,,32
510,2015,2015-09-25 00:00:00,Cat Tien,20.719181,107.051404,Vietnam,2,,,,,2
511,2015,2015-09-26 00:00:00,Fumin County,25.221935,102.4976,China,5,,,5,,
512,2015,2015-09-26 00:00:00,Kathmandu,27.717245,85.323959,Nepal,4,,,4,,
514,2015,2015-10-01 00:00:00,Jiaoling,24.6587,116.171355,China,1,"Wuping, Fujian",,,,1
515,2015,2015-10-02 00:00:00,Kathmandu,27.717245,85.323959,Nepal,0.5,,,0.48,,
516,2015,2015-10-06 00:00:00,"Wang Kelian, State of Perlis",6.679556,100.187527,Malaysia,63,Malaysia,Thailand,,,63
517,2015,2015-10-07 00:00:00,Perlis,6.444913,100.204769,Malaysia,63,,,,63,
518,2015,2015-10-12 00:00:00,Harare,-17.825167,31.03351,Zimbabwe,1,,,,,1
519,2015,2015-10-20 00:00:00,Wenzhou,27.993828,120.699361,China,30,,,,30,
520,2015,2015-10-20 00:00:00,"Sreekaryam, District of Thiruvananthapuram",8.547143,76.913887,India,1,,,,,1
521,2015,2015-10-22 00:00:00,Cam Lo District,16.783695,106.983087,Vietnam,4,,,,,4
522,2015,2015-10-27 00:00:00,"Victoria Falls Airport, North Matabeleland",-18.096323,25.851418,Zimbabwe,1,,,,,1
523,2015,2015-10-28 00:00:00,Kuala Kangsar,4.773595,100.942045,Malaysia,4,,,,,4
524,2015,2015-11-01 00:00:00,Gokwe,-18.216727,28.947042,Zimbabwe,1,,,,,1
526,2015,2015-11-03 00:00:00,Jiangmen,22.579117,113.081508,China,2674,,,,2674,
527,2015,2015-11-05 00:00:00,Taipei,25.032969,121.565418,China - Taiwan,2,,,,,2
528,2015,2015-11-06 00:00:00,Penang,5.416394,100.332679,Malaysia,46,,,,,46
529,2015,2015-11-09 00:00:00,Vientiane,17.975706,102.633104,Laos,81,Thailand, ,,1,80
530,2015,2015-11-11 00:00:00,Belawan,3.784303,98.694221,Indonesia,91,,Malaysia,,9,82
531,2015,2015-11-11 00:00:00,Yaoundé International Airport,3.714916,11.547693,Cameroon,100,Ebolowa,Yaounde,100,,
532,2015,2015-11-11 00:00:00,Nghe An Province,19.234249,104.920036,Vietnam,7,,Hanoi,,,7
533,2015,2015-11-15 00:00:00,Thanh Hoa,20.129128,105.313118,Vietnam,63,,,,,
534,2015,2015-11-16 00:00:00,"Guangzhou, Guangdong Province",23.12911,113.264385,China,2000,Nigeria,,2000,,
535,2015,2015-11-22 00:00:00,Hoanh Mo,21.64091,107.467686,Vietnam,2116,Taiwan,China,2116,,
536,2015,2015-11-22 00:00:00,Dongzhongzhen,21.61491,107.534027,China,970,Vietnam (Hoanh Mo),,970,,
537,2015,2015-11-23 00:00:00,"Palembang, South Sumatra",-2.976073,104.775431,Indonesia,89,,,62,27,
538,2015,2015-11-26 00:00:00,Deng Deng National Park,5.189196,13.52634,Cameroon,14,,,14,,
539,2015,2015-11-26 00:00:00,Haikou,20.044412,110.198286,China,1,"Dongxing, Guangxi, China","Hainan Province, China",,,
540,2015,2015-11-26 00:00:00,Guangxi / Haikou,23.72476,108.807619,China,1,,,,,1
541,2015,2015-12-01 00:00:00,"Gwalior, State of Madhya Pradesh",26.218287,78.182831,India,28,,,27.5,,
542,2015,2015-12-01 00:00:00,Guangxi,23.72476,108.807619,China,2,,,,,
543,2015,2015-12-01 00:00:00,Binh Duong Province,11.325402,106.477017,Vietnam,12,,,,,12
544,2015,2015-12-02 00:00:00,"Mahamanjushree Nagarkot Municipality, Bhaktapur",27.699299,85.489114,Nepal,1,,,,,1
545,2015,2015-12-07 00:00:00,Mong Cai,21.525944,107.972367,Vietnam,19,,China,,,19
546,2015,2015-12-08 00:00:00,Fangchenggang,21.617752,108.34536,China,26,Vietnam,,,,26
547,2015,2015-12-08 00:00:00,Koh Samui airport,9.548437,100.063028,Thailand,587,"Nigeria, Singapore",Laos,587,,
548,2015,2015-12-12 00:00:00,"Dongxing, Autonomous Region of Guangxi",21.547821,107.971826,China,50,Vietnam,,,,50
549,2015,2015-12-13 00:00:00,Kathmandu,27.717245,85.323959,Nepal,3,,,3.2,,
550,2015,2015-12-13 00:00:00,Kathmandu,27.717245,85.323959,Nepal,3,,China,3.2,,
551,2015,2015-12-13 00:00:00,"Fuyuan, Yunnan",25.674238,104.255014,China,9,"Kunming, China","Wuxi, Jiangsu, China",,,9
552,2015,2015-12-13 00:00:00,"Kunming, Province of Yunnan",24.880095,102.832891,China,9,,Jiangsu,,,9
554,2015,2015-12-14 00:00:00,Guangxi,23.72476,108.807619,China,50,Vietnam,,,,50
556,2015,2015-12-17 00:00:00,Singapore,1.355379,103.867744,Singapore,646,Nigeria,Laos ,646,,
557,2015,2015-12-28 00:00:00,Gokwe,-18.216727,28.947042,Zimbabwe,1,,,,,1
558,2015,2015-12-30 00:00:00,"Pontianak, Province of West Kalimantan",-0.062165,109.354545,Indonesia,13,,,,,
559,2015,2015-12-30 00:00:00,Quang Ninh,21.006382,107.292514,Vietnam,18,,China,,,18
560,2016,2016-01-01 00:00:00,Kunming,24.880095,102.832891,China,1,,,,,1
561,2016,2016-01-01 00:00:00,"Shenzhen, China",22.543096,114.057865,China,18,,,18,,
562,2016,2016-01-02 00:00:00,Kavrepalanchok District, 27.525942,85.56121,Nepal,4,,,3.5,,
563,2016,2016-01-02 00:00:00,Quang Ninh Province,21.006382,107.292514,Vietnam,18,Quang Binh in Mong Cai,China,,18,
564,2016,2016-01-03 00:00:00,Sarawak,1.553278,110.359213,Malaysia,1,,,,,1
565,2016,2016-01-07 00:00:00,Harare,-17.825167,31.03351,Zimbabwe,1,,,,,1
566,2016,2016-01-09 00:00:00,Qinzhou,21.979933,108.654146,China,12,Vietnam,,,12,
567,2016,2016-01-10 00:00:00,Dongxing,21.547821,107.971826,China,85,Vietnam,,,85,
568,2016,2016-01-12 00:00:00,Musi Rawas Regency,-3.095654,103.08179,Indonesia,1,"Musi Rawas Regency, Province of South Sumatra, Indonesia",,,,1
570,2016,2016-01-15 00:00:00,Guangzhou,23.12911,113.264385,China,30,Ethiopia,,30,,
571,2016,2016-01-15 00:00:00,Liancheng,25.710538,116.754472,China,4,,,,4,
572,2016,2016-01-17 00:00:00,Guangzhou / Kunming,23.12911,113.264384999999,China,51,,,,,51
573,2016,2016-01-17 00:00:00,"Parit Jamil, State of Johor",1.944526,102.656591,Malaysia,13,,,,13,
574,2016,2016-01-23 00:00:00,Nong Khai,17.87828,102.741264,Thailand,15,,Laos,,,15
575,2016,2016-01-28 00:00:00,Hanoi,21.003118,105.820141,Vietnam,9,Ha Tinh,Hanoi,,,
576,2016,2016-01-28 00:00:00,Dien Chau district,19.017969,105.570887,Vietnam,5,, ,,,5
577,2016,2016-01-29 00:00:00,Province of East Mashonaland,-18.587164,31.262637,Zimbabwe,1,,,,,1
578,2016,2016-01-30 00:00:00,Monze,-16.280321,27.473257,Zambia,1,,,,,1
579,2016,2016-02-01 00:00:00,Manungu,-16.321162,27.474821,Zambia,1,,,,,1
580,2016,2016-02-01 00:00:00,Liching,24.978282,121.539482,China - Taiwan,1,,,,,1
581,2016,2016-02-02 00:00:00,Hung Yen,20.852571,106.016997,Vietnam,80,,,,,80
582,2016,2016-02-07 00:00:00,Harare,-17.825167,31.03351,Zimbabwe,1,,,,,1
583,2016,2016-02-08 00:00:00,Harare,-17.825167,31.03351,Zimbabwe,1,,,,,1
584,2016,2016-02-09 00:00:00,"Bertoua, East Region",4.579195,13.676796,Cameroon,200,,,200,,
585,2016,2016-02-11 00:00:00,Matusadona,-16.431667,30.863889,Zimbabwe,2,,,,,2
586,2016,2016-02-11 00:00:00,Matusadona,-16.431667,30.863889,Zimbabwe,2,,,,,2
587,2016,2016-02-14 00:00:00,Rushinga,-16.646518,32.265389,Zimbabwe,4,,,,,4
588,2016,2016-02-15 00:00:00,Rushinga District,-16.646518,32.265389,Zimbabwe,1,,,,,1
589,2016,2016-02-20 00:00:00,"Lahad Datu, Sabah",5.024206,118.330746,Malaysia,26,,,0.9,,25
590,2016,2016-02-28 00:00:00,"Zhao’an, Fujian",23.711579,117.175184,China,3,,Xiamen,,,3
591,2016,2016-02-28 00:00:00,"Mang City, Dehong, Yunnan",24.43369,98.588086,China,3,Myanmar,,1.5,1,
593,2016,2016-02-29 00:00:00,"Lushui County, Nujiang, Yunnan",25.822879,98.857977,China,1,Myanmar,,,,1
594,2016,2016-03-01 00:00:00,Liuzhou,24.326292,109.428608,China,4,,,,,4
595,2016,2016-03-01 00:00:00,Jomo Kenyatta International Airport,-1.32271,36.926069,Kenya,500,DRC,Thailand,500,,
596,2016,2016-03-01 00:00:00,"Butterworth, State of Penang",5.438031,100.388192,Malaysia,52,,,,,52
597,2016,2016-03-09 00:00:00,Zhujiang New Town,23.121712,113.320115,China,9,,,9.034,,
598,2016,2016-03-10 00:00:00,Jinan,36.6512,117.120095,China,1,,,,,1
599,2016,2016-03-19 00:00:00,Guangzhou,23.12911,113.264385,China,16,,,Y,16,
600,2016,2016-03-22 00:00:00,Nanning,22.817002,108.366543,China,3,,,,,
601,2016,2016-03-24 00:00:00,Zhengzhou,34.746611,113.625328,China,2,,,2.19,,
602,2016,2016-03-25 00:00:00,Ho Chi Minh City,10.823099,106.629662,Vietnam,3,,,, ,3
603,2016,2016-03-25 00:00:00,Quang Ninh Province,21.006382,107.292514,Vietnam,47,,,,,47
604,2016,2016-03-25 00:00:00,Quang Ninh,21.006382,107.292514,Vietnam,129,,China,,,129
605,2016,2016-03-27 00:00:00,Gokwe,-18.216727,28.947042,Zimbabwe,3,,,,,3
608,2016,2016-04-01 00:00:00,"Jingjiang, Jiangsu province",31.982751,120.277138,China,1,,,,1,
609,2016,2016-04-01 00:00:00,Guangxi,23.72476,108.807619,China,7,"Guangxi, China",,,,7
610,2016,2016-04-01 00:00:00,Kampala,0.347596,32.58252,Uganda,45,,,45,,
611,2016,2016-04-02 00:00:00,"Chainpur, Sankhuwasabha District",27.264074,87.24193,Nepal,2,"Chainpur, Sankhuwasabha District, Eastern Development Region, Nepal",,1.6,,
612,2016,2016-04-04 00:00:00,Jomo Kenyatta International Airport,-1.32271,36.926069,Kenya,0.5,,China,0.5,,
613,2016,2016-04-09 00:00:00,Bhimgad,15.58902,74.292752,India,2,,,Y,2,
614,2016,2016-04-10 00:00:00,"Zhongshan, Guangdong Province",22.517585,113.39277,China,1600,,,1600,,
615,2016,2016-04-11 00:00:00,Mushandike,-20.2619278,30.6869866,Zimbabwe,1,,,,,1
616,2016,2016-04-15 00:00:00,Dongxing,21.547821,107.971826,China,56,Vietnam,,,,56
617,2016,2016-04-15 00:00:00,Gokwe,-18.216727,28.947042,Zimbabwe,1,"Gokwe, Midlands Province, Zimbabwe",,,,
618,2016,2016-04-17 00:00:00,Chipata,-13.64451,32.6447,Zambia,1,"Eastern Province, Zambia",,,,1
619,2016,2016-04-19 00:00:00,Hwange,-18.355878,26.501998,Zimbabwe,1,,,,,1
620,2016,2016-04-20 00:00:00,Harare,-17.825167,31.03351,Zimbabwe,1,"Harare, Zimbabwe",,,1,
621,2016,2016-04-27 00:00:00,Pampanga,15.079409,120.619989,Philippines,4,,,,,4
622,2016,2016-04-28 00:00:00,Kigum,3.288485,32.87895,Uganda,2,,,,,2
623,2016,2016-04-30 00:00:00,Bao'an District,22.555259,113.884019,China,1,,,,,1
624,2016,2016-05-01 00:00:00,Bao'an District,22.555259,113.884019,China,3,,,, , 
625,2016,2016-05-05 00:00:00,"Thingdawl, State of Mizoram",24.166324,92.694659,India,123,"Assam, India",Myanmar,123,,
626,2016,2016-05-09 00:00:00,Kathmandu,27.717245,85.323959,Nepal,2,"Katmandou, Central Development Region, Nepal",,2,,
627,2016,2016-05-11 00:00:00,"Futian District, Shenzhen",22.521523,114.055023,China,18,"Futian District, Shenzhen, Guangdong Province, China",,18,,
628,2016,2016-05-11 00:00:00,Cotonou,6.370293,2.391236,Benin,70,,,70,,
629,2016,2016-05-12 00:00:00,Lau Fau Shan,22.468172,113.984489,China - Hong Kong,130,,,130,,
630,2016,2016-05-12 00:00:00,"Tuen Mun, Hong Kong",22.39083,113.972513,China - Hong Kong,361,"Tuen Mun, Hong Kong, China.",,361,,
631,2016,2016-05-13 00:00:00,Qingdao,36.067108,120.382609,China,1,Japan,,,1,
632,2016,2016-05-13 00:00:00,Qingdao Customs,36.266675,120.383123,China,1,Japan,,,1,
633,2016,2016-05-15 00:00:00,Sichuan,30.263803,102.805475,China,1,,,,1,
634,2016,2016-05-17 00:00:00,Fangchenggang,21.617752,108.34536,China,15,Vietnam,,,,15
635,2016,2016-05-19 00:00:00,Nam Can International Border Gate,8.815307,105.055742,Vietnam,2,Laos,,,,2
636,2016,2016-05-23 00:00:00,Windhoek,-22.560881,17.065755,Namibia,1,,,Y,,1
637,2016,2016-05-23 00:00:00,"Luohu District, Shenzhen",22.54817,114.131764,China,32,Vietnam,,,,32
638,2016,2016-05-24 00:00:00,Gwalior,26.218287,78.182831,India,3,,,3,,
639,2016,2016-05-25 00:00:00,"Nilkhanta Municipality, Dhading",27.913103,84.908894,Nepal,2,,,1.68,,
640,2016,2016-05-25 00:00:00,Juba,4.859363,31.57125,South Sudan,2,"Paloich, South Sudan",,,,
641,2016,2016-05-28 00:00:00,Cao Bang,22.635689,106.252214,Vietnam,4,, ,,,4
642,2016,2016-06-02 00:00:00,"Champhai, State of Mizoram",23.456571,93.328193,India,93,"Champhai, State of Mizoram, India.",,93,,
643,2016,2016-06-03 00:00:00,Kathmandu,27.717245,85.323959,Nepal,1,,,1.15,,
644,2016,2016-06-06 00:00:00,Broadhurst,-24.628769,25.927582,Botswana,1,,,,,1
645,2016,2016-06-07 00:00:00,Nabarangpur district,19.500132,82.301773,India,1,,,,,1
646,2016,2016-06-07 00:00:00,Fangchenggang,21.617752,108.34536,China,6,Vietnam,,,,6
647,2016,2016-06-10 00:00:00,Jomo Kenyatta International Airport,-1.32271,36.926069,Kenya,500,Guinea,Nigeria,500,,
648,2016,2016-06-10 00:00:00,Murtalla Muhammed International Airport,6.581819,3.321135,Nigeria,381,,China,381,,
649,2016,2016-06-10 00:00:00,Mutare,-18.975771,32.650351,Zimbabwe,1,,,,,1
650,2016,2016-06-12 00:00:00,Kafue,-15.764359,28.176629,Zambia,2,,,,,2
651,2016,2016-06-13 00:00:00,Lok Ma Chau,22.509884,114.081506,China - Hong Kong,3,,,2.5,,
652,2016,2016-06-14 00:00:00,Hoedspruit,-24.35601,30.947981,South Africa,1,,,,,1
653,2016,2016-06-18 00:00:00,Medan,3.600425,98.682064,Indonesia,8,,,,,8
654,2016,2016-06-19 00:00:00,Ninh Binh,20.250615,105.974454,Vietnam,22,"Ninh Binh, Province of Ninh Binh, Vietnam",,,,
655,2016,2016-06-20 00:00:00,Ninh Binh Province,20.250615,105.974454,Vietnam,22,,,,,22
656,2016,2016-06-23 00:00:00,Kwai Chung Customhouse Cargo Examination Compound,22.36685,114.130259,China - Hong Kong,4000,Cameroon,,4000,,
657,2016,2016-06-27 00:00:00,"Pench National Park, State of Madhya Pradesh",21.762953,79.339113,India,1,"Pench National Park, State of Madhya Pradesh, India",,,1,
658,2016,2016-07-01 00:00:00,Mizoram,23.164543,92.937574,India,4,,,4,,
659,2016,2016-07-01 00:00:00,Kamwenge District,0.225793,30.481845,Uganda,4,,,4,,
660,2016,2016-07-07 00:00:00,"Kempton Park, Gauteng",-26.094408,28.229271,South Africa,1,,,,1,
661,2016,2016-07-08 00:00:00,Nelspruit,-25.475298,30.969416,South Africa,1,,,,,1
662,2016,2016-07-08 00:00:00,"Kudal District, State of Maharashtra",16.048481,73.794852,India,1,,,,1,
663,2016,2016-07-13 00:00:00,Mariangwe,-17.0925,31.028056,Zimbabwe,1,,,,,1
664,2016,2016-07-15 00:00:00,Shenzhen,22.543096,114.057865,China,25,,,,,25
665,2016,2016-07-19 00:00:00,Hong Kong,22.319201,114.169612,China - Hong Kong,7300,Nigeria,,7300,,
666,2016,2016-07-19 00:00:00,Jialong,30.850402,81.127874,China,14,,,73,,
667,2016,2016-07-19 00:00:00,"Medan, Province of North Sumatra",3.600425,98.682064,Indonesia,13,,,,1,12
668,2016,2016-07-20 00:00:00,Otavi,-19.633976,17.331667,Namibia,1,,,,,1
669,2016,2016-07-25 00:00:00,"Jingdong, Pu'er, Yunnan",24.446731,100.833877,China,120,Myanmar,,120,,
670,2016,2016-07-26 00:00:00,Quang Ninh,21.006382,107.292514,Vietnam,7,,China,,,7
671,2016,2016-07-26 00:00:00,Tengchong,25.020439,98.490966,China,2,Myanmar,,,,2
672,2016,2016-07-26 00:00:00,Guangdong-Fujian highway checkpoint,23.379033,113.763283,China,65,,,65,,
673,2016,2016-07-26 00:00:00,Jiaoling,24.6587,116.171355,China,73,Jiaoling,,73,,
674,2016,2016-07-26 00:00:00,Meizhou,24.288578,116.122523,China,130,"Meizhou, Province of Guangdong, China",,130,,
675,2016,2016-07-26 00:00:00,"Labuhan Batu Regency, Province of North Sumatra",2.343986,100.170326,Indonesia,12,,Medan,,1,11
676,2016,2016-07-28 00:00:00,Hong Kong,22.319201,114.169612,China - Hong Kong,2100,Ghana,,2100,,
678,2016,2016-08-02 00:00:00,Jambi,-1.610123,103.61312,Indonesia,1,,,,1,
679,2016,2016-08-02 00:00:00,"Putuo, Zhejiang",29.97176,122.323867,China,2,,,,,2
680,2016,2016-08-04 00:00:00,Quang Ninh,21.006382,107.292514,Vietnam,51,,,,,51
681,2016,2016-08-05 00:00:00,"Digapahandi, Ganjam district",19.377738,84.566767,India,1,,,,1,
682,2016,2016-08-15 00:00:00,Jombang District,-7.574087,112.28609,Indonesia,657,,,,,
683,2016,2016-08-15 00:00:00,"Ngaoundal, Region of Adamaoua",6.461337,13.27212,Cameroon,128,"Ngaoundal, Region of Adamaoua, Cameroon",,128,,
684,2016,2016-08-17 00:00:00,Tzaneen,-23.831985,30.135835,South Africa,1,,,,,
685,2016,2016-08-17 00:00:00,Sa Thay District,14.435578,107.763621,Vietnam,2,,,,,2
686,2016,2016-08-18 00:00:00,Rundu,-17.925329,19.753215,Namibia,3,,,Y,3,
687,2016,2016-08-23 00:00:00,Meizhou,24.288578,116.122523,China,67,,,66.75,,
688,2016,2016-08-23 00:00:00,"Guangfu, Province of Guangdong",24.828349,116.183548,China,61,,,60.5,,
689,2016,2016-08-24 00:00:00,"Koch Goma, North Region",2.600292,32.169771,Uganda,25,"Koch Goma, North Region, Uganda",,25,,
690,2016,2016-08-26 00:00:00,Qingdao Airport,36.266675,120.383123,China,4,"Qingdao, Shandong Province",,3.5,,
691,2016,2016-08-28 00:00:00,"Mbare, Harare",-17.864261,31.036377,Zimbabwe,2,,,,,2
692,2016,2016-09-01 00:00:00,Harare,-17.825167,31.03351,Zimbabwe,3,,,,,
693,2016,2016-09-02 00:00:00,Songkhla Province,7.1756,100.614347,Thailand,213,,,2,3,208
695,2016,2016-09-08 00:00:00,Ningbo,29.868336,121.54399,China,58,Nigeria,China,58,,
697,2016,2016-09-23 00:00:00,Cumbum,9.734427,77.280742,India,1,,,,1,
698,2016,2016-09-23 00:00:00,Gaoyao,23.025305,112.457981,China,61,"Fangchenggang, Guangxi",,,,61
699,2016,2016-09-24 00:00:00,"Belgavi, Dandeli",15.249117,74.622043,India,16,,,13,,
700,2016,2016-09-30 00:00:00,Kampala,0.347596,32.58252,Uganda,17,,,17,,
702,2016,2016-10-01 00:00:00,Houqiao Port,25.374266,98.204847,China,6,Myanmar,,6.3,,
703,2016,2016-10-06 00:00:00,"Mont Darwin District, Province of Central Mashonaland",-16.769823,31.576957,Zimbabwe,1,,,,,1
704,2016,2016-10-07 00:00:00,New Delhi,28.613939,77.209021,India,86,,Guwahati,85.9,,
705,2016,2016-10-09 00:00:00,Gulu Town,2.772404,32.288073,Uganda,33,,,33,,
706,2016,2016-10-11 00:00:00,"Belagavi, Karnataka",15.849695,74.497674,India,1,,,Y,,
707,2016,2016-10-16 00:00:00,Panauti,27.58287,85.509723,Nepal,2,,,1.7,,
708,2016,2016-10-21 00:00:00,Ho Chi Minh City,10.823099,106.629662,Vietnam,277,Africa,,277,,
710,2016,2016-10-27 00:00:00,West Kalimantan,-0.278781,111.475285,Indonesia,43,,,1,41,1
712,2016,2016-11-01 00:00:00,Lusaka,-15.387526 ,28.322817,Zambia,6,,,,2,4
713,2016,2016-11-02 00:00:00,Shenzhen's Futian Port,22.515747,114.069799,China,5,Hong Kong,,5,,
715,2016,2016-11-05 00:00:00,"Balaghat, Madhya Pradesh",21.812876,80.183829,India,2,,,2,,
716,2016,2016-11-09 00:00:00,Jomo Kenyatta International Airport,-1.32271,36.926069,Kenya,100,"Cameroon, Kenya",Thailand,100,,
717,2016,2016-11-10 00:00:00,Oshakati,-17.789453,15.705779,Namibia,1,Oshakati,,,,1
718,2016,2016-11-10 00:00:00,Hong Kong International Airport,22.308047,113.918481,China - Hong Kong,1,"Lagos, Nigeria and Istanbul, Turkey",China,0.09,,
719,2016,2016-11-10 00:00:00,"Kilangran Village, Jambi",-1.610123,103.61312,Indonesia,779,"Muarabulian Sub-district, Batanghari District, Jambi",,279,Y,
720,2016,2016-11-14 00:00:00,Coimbatore,11.016845,76.955832,India,2,,,2.5,,
721,2016,2016-11-16 00:00:00,"Thap Sakae District, Prachuap",11.525923,99.567348,Thailand,140,Malaysia,,,,140
722,2016,2016-11-23 00:00:00,Kathmandu,27.717245,85.323959,Nepal,1,,,0.18,,
723,2016,2016-11-24 00:00:00,Ratchaburi,13.528289,99.813421,Thailand,217,,,,,
724,2016,2016-11-29 00:00:00,"Ruijin, Jiangxi",25.885555,116.027134,China,1,,Changting,,,1
725,2016,2016-11-30 00:00:00,"Ruijin, Jiangxi",25.885555,116.027134,China,1,"Ruijin, Jiangxi","Changting, Fujian",,,1
726,2016,2016-11-30 00:00:00,Mutare,-18.975771,32.650351,Zimbabwe,1,Zimbabwe,,,1,
727,2016,2016-12-04 00:00:00,"Louis Trichardt, Limpopo",-23.046241,29.904656,South Africa,2,"Louis Trichardt, Limpopo",,,,2
728,2016,2016-12-04 00:00:00,Suvarnabhumi Airport,13.689999,100.750112,Thailand,1700,"DRC, Turkey, Thailand",Laos,1700,,
729,2016,2016-12-10 00:00:00,Shanghai,31.23039,121.473702,China,3100,Nigeria,,3100,,
730,2016,2016-12-12 00:00:00,Katima Mulilo,-17.506158,24.280656,Namibia,1,"Katima Mulilo, Namibia",,,,
731,2016,2016-12-12 00:00:00,Francistown,-21.1661,27.51436,Botswana,1,,,,1,
732,2016,2016-12-12 00:00:00,"Maoming, Guangdong",21.662991,110.925439,China,11,"Maoming, Guangdong",,,,11
733,2016,2016-12-13 00:00:00,"Maoming, Guangdong",21.662991,110.925439,China,20,"Maoming, Guangdong",,,,20
734,2016,2016-12-14 00:00:00,"Tarikere, Chikkamagaluru",13.708667,75.815859,India,6,"Tarikere, Chikkamagaluru",,5.5,,
735,2016,2016-12-15 00:00:00,Huanggang,22.520087,114.075065,China,53,Hong Kong,China,53,,
736,2016,2016-12-17 00:00:00,Phnom Penh,11.556374,104.92821,Cambodia,1,Mozambique,,,,
737,2016,2016-12-21 00:00:00,Yaoundé-Nsimalen International Airport,3.714916,11.547693,Cameroon,670,Cameroon,Malaysia,670,,
739,2016,2016-12-23 00:00:00,Suvarnabhumi Airport,13.689999,100.750112,Thailand,1200,"DRC, Turkey, Thailand",Laos,1200,,
740,2016,2016-12-30 00:00:00,"Titi Kerbau, Changlun",6.435682,100.423279,Malaysia,109,"Titi Kerbau, Changlun",,,,109
741,2017,2017-01-02 00:00:00,Tokoyo,35.689488,139.691706,Japan,2,,,,2,
742,2017,2017-01-06 00:00:00,Dar es Salaam,-6.792354,39.208328,Tanzania,6000,Mutukula border,Dar es Salaam,6000,,
743,2017,2017-01-13 00:00:00,Manila,14.599512,120.98422,Philippines,58,, ,,,
744,2017,2017-01-16 00:00:00,"Menglian, Yunnan",22.329099,99.584157,China,2,Menglian,,,,2
745,2017,2017-01-17 00:00:00,Douala,4.051056,9.767869,Cameroon,5400,Douala,China,5400,,
746,2017,2017-01-19 00:00:00,Koh Kong province,11.332275,103.013792,Cambodia,4,Thma Bang district in Koh Kong province,,,,4
747,2017,2017-01-21 00:00:00,Maharashtra,19.75148,75.713888,India,1,Maharashtra,,,,1
749,2017,2017-01-30 00:00:00,Various,1.30592,103.822316,Various,2750,,,2750,,
750,2017,2017-02-01 00:00:00,Yongjia,28.153607,120.692025,China,2,,,,2,
751,2017,2017-02-01 00:00:00,"Dongxing, Guangxi",21.547821,107.971826,China,6,,,5.412,,
752,2017,2017-02-07 00:00:00,Yiwu Airport,29.340515,120.033179,China,1,Congo,Hong Kong,0.195,,
753,2017,2017-02-10 00:00:00,Liuzhou,24.326292,109.428608,China,2,,,,2,
754,2017,2017-02-11 00:00:00,"Nanning, Guangxi",22.817002,108.366543,China,2,,,,1,1
755,2017,2017-02-12 00:00:00,Bengkalis,1.413919,101.615777,Indonesia,89,South Sumatra,Malaysia,,5,84
757,2017,2017-02-14 00:00:00,Suvarnabhumi Airport,13.689999,100.750112,Thailand,1066,"Lubumbashi, Republic of Congo",Vientiane,1066,,
759,2017,2017-02-14 00:00:00,"Lipu, Guangxi",24.488342,110.395104,China,2,,,,,2
760,2017,2017-02-14 00:00:00,Beijing,39.904202,116.407394,China,1500,,,1500,,
761,2017,2017-02-17 00:00:00,Bandaranaike International Airport,7.180155,79.884252,Sri Lanka,11,,Chennai,11,,
762,2017,2017-02-23 00:00:00,Zhejiang,29.141643,119.788925,China,9,,,,6,3
763,2017,2017-02-28 00:00:00,Ranchi,23.3441,85.309562,India,1,,,,,1
765,2017,2017-03-03 00:00:00,Noi Bai,21.218715,105.804171,Vietnam,357,Cameroon,,357,,
766,2017,2017-03-07 00:00:00,Fuoshan,23.021478,113.121435,China,1,,,,,1
767,2017,2017-03-15 00:00:00,"Entumbane, Bulawayo",-20.123027,28.54186,Zimbabwe,1,,,,,
768,2017,2017-03-17 00:00:00,Bacolod on Negros Island,10.684005,122.956302,Philippines,15,,,,15,
769,2017,2017-03-23 00:00:00,Shenzhen,22.543096,114.057865,China,24,,,,,24
770,2017,2017-03-28 00:00:00,Qujiang,34.21826,108.964144,China,5,,,,,1
771,2017,2017-03-31 00:00:00,Fuzhou Airport,25.908454,119.643113,China,10,,,,2,
772,2017,2017-04-01 00:00:00,Zhongshan Passenger Port,22.569262,113.478738,China,1,,,1.01,,
773,2017,2017-04-01 00:00:00,Birchenough,-19.965656,32.33626,Zimbabwe,5,,,,,1
774,2017,2017-04-03 00:00:00,"Shangnan County, Shaanxi",33.530995,110.881807,China,1,,,,,1
776,2017,2017-04-05 00:00:00,Hoa Binh,20.686127,105.313118,Vietnam,118,,,,,118
778,2017,2017-04-14 00:00:00,Messamena,3.74104,12.82375,Cameroon,100,,,100,,
779,2017,2017-04-19 00:00:00,Palawan,9.834949,118.738362,Philippines,10,,,,,
780,2017,2017-04-26 00:00:00,Sabah,5.97884,116.07532,Malaysia,10,,,,,2
781,2017,2017-04-29 00:00:00,Abim,2.71174,33.66015,Uganda,15,,,,2,1
782,2017,2017-05-02 00:00:00,Kuala Lumpur Airport,2.745596,101.70716,Malaysia,140,,,712,,
783,2017,2017-05-04 00:00:00,Tan Son Nhat airport,10.818463,106.658825,Vietnam,200,,,,,
785,2017,2017-05-12 00:00:00,"Haikou, Hainan",20.044412,110.198286,China,1,,Haikou,,,1
787,2017,2017-05-14 00:00:00,Khanh Hoa province,12.25851,109.052608,Vietnam,31,,,,,
788,2017,2017-05-17 00:00:00,Tzaneen,-23.831985,30.135835,South Africa,5,,,,,
789,2017,2017-05-23 00:00:00,Taman Desa Seraya,6.076375,100.362652,Malaysia,141,,,,,141
791,2017,2017-05-23 00:00:00,Alor Setar,6.12107,100.369797,Malaysia,140,,,Y,,140
792,2017,2017-05-23 00:00:00,Kathmandu,27.717245,85.323959,Nepal,44,,,44,,
793,2017,2017-05-24 00:00:00,Limpopo Province,-23.401295,29.417932,South Africa,1,,,,,1
794,2017,2017-05-25 00:00:00,"Alldays, Limpopo",-22.68111,29.10982,South Africa,1,,,,,1
795,2017,2017-05-26 00:00:00,Lianghe County,24.804232,98.296657,China,1,,,1.42125,,
796,2017,2017-05-29 00:00:00,Hong Kong,22.319201,114.169612,China - Hong Kong,7200,,,7200,,
797,2017,2017-05-31 00:00:00,Ji'an,27.087637,114.964696,China,2,,,,,2
798,2017,2017-06-02 00:00:00,Nanning,22.817002,108.366543,China,42,,,16,,
799,2017,2017-06-06 00:00:00,Kathmandu,27.717245,85.323959,Nepal,930,,,930,,
800,2017,2017-06-07 00:00:00,Kathmandu,27.717245,85.323959,Nepal,1,,,1.23,,
801,2017,2017-06-09 00:00:00,Kuala Lumpur International Airport,2.745596,101.70716,Malaysia,228,,,228,,
802,2017,2017-06-12 00:00:00,Guangzhou Baiyun Airport,23.395908,113.30797,China,1,,,1.3,,
803,2017,2017-06-16 00:00:00,Kuala Lumpur International Airport,2.745596,101.70716,Malaysia,400,,,400,,
804,2017,2017-06-16 00:00:00,"Belawan Port, Medan, Sumatra",3.781584,98.691818,Indonesia,225,,,,115,110
805,2017,2017-06-16 00:00:00,Guangzhou Baiyun Airport,23.395908,113.30797,China,2,,,1.5,,
807,2017,2017-07-01 00:00:00,Shenzhen,22.543096,114.057865,China,11900,,,11900,,
808,2017,2017-07-01 00:00:00,Harare,-17.825167,31.03351,Zimbabwe,1,,,,,1
809,2017,2017-07-06 00:00:00,Hai Phong,20.844911,106.688084,Vietnam,600,,,600,,
810,2017,2017-07-12 00:00:00,Aceh,5.55356,95.31768,Indonesia,29,,,4,,
811,2017,2017-07-12 00:00:00,Shenzhen,22.543096,114.057865,China,2,,,2,,
812,2017,2017-07-12 00:00:00,Nairobi,-1.292066,36.821946,Kenya,96,,,96,,
813,2017,2017-07-24 00:00:00,Lebamba,-24.350971,30.955638,South Africa,1,,,,,1
814,2017,2017-07-27 00:00:00,Abidjan,5.359952,-4.008256,Côte d’Ivoire,3000,,,3000,,
815,2017,2017-07-29 00:00:00,"Sepanggar Port, Sabah",6.06649,116.12494,Malaysia,16000,,,8000,,
816,2017,2017-08-02 00:00:00,Kuala Lumpur International Airport,2.745596,101.70716,Malaysia,301,,,300.9,,
817,2017,2017-08-21 00:00:00,Guangxi,23.72476,108.807619,China,34,,,,2,32
818,2017,2017-08-28 00:00:00,Kanchanadit,9.1097,99.500614,Thailand,88,,,,,88
819,2017,2017-08-30 00:00:00,Prachuab Khiri Khan,11.819389,99.781851,Thailand,1486,"Penang, Malaysia",,450,,136
820,2017,2017-09-26 00:00:00,Mong Cai,21.525944,107.972367,Vietnam,11,,,10.8,,
821,2017,2017-10-04 00:00:00,Harare,-17.825167,31.03351,Zimbabwe,1,,,,1,
822,2017,2017-10-05 00:00:00,Dumai,1.666635,101.400186,Indonesia,133,,,37.5,,
823,2017,2017-10-07 00:00:00,"Hosba, Kubang Pasu district",6.370544,100.445276,Malaysia,127,,,,,
824,2017,2017-10-10 00:00:00,Mekalat,2.926296,11.156073,Cameroon,70,,,70,,
825,2017,2017-10-11 00:00:00,Shenzhen,22.543096,114.057865,China,1,,,0.5,,
826,2017,2017-10-19 00:00:00,Ninh Binh,20.250615,105.974454,Vietnam,32,,,,,32
827,2017,2017-10-20 00:00:00,Gaborone,-24.628208,25.923147,Botswana,2,,,,,2
828,2017,2017-10-22 00:00:00,Medan,3.600425,98.682064,Indonesia,101,,,,4,97
829,2017,2017-10-25 00:00:00,Windhoek,-22.560881,17.065755,Namibia,1,,,,,1
830,2017,2017-10-25 00:00:00,Dhading,27.971136,84.898478,Nepal,2,,,2,,
831,2017,2017-10-26 00:00:00,Anjung Selera,6.009369,116.110846,Malaysia,1,,,,,1
832,2017,2017-10-27 00:00:00,Binh Phuoc,11.751189,106.723464,Vietnam,12,,,,,12
833,2017,2017-10-30 00:00:00,Pelalawan,0.146092,102.254792,Indonesia,60,,Malaysia,,,
834,2017,2017-10-31 00:00:00,Hillside Dam,-20.194605,28.613628,Zimbabwe,1,,,,,1
835,2017,2017-11-02 00:00:00,Lulekani ,-23.85852,31.07692,South Africa,2,,,,,2
836,2017,2017-11-02 00:00:00,Tzaneen Life Style Shopping Centre,-23.822474,30.156897,South Africa,1,,,,,
837,2017,2017-11-04 00:00:00,Donggongon,5.920984,116.089657,Malaysia,1,,,,,1
838,2017,2017-11-06 00:00:00,"Balaghat, Madhya Pradesh",21.812876,80.183829,India,1,,,,,1
839,2017,2017-11-06 00:00:00,Huanggang Port,22.520087,114.075065,China,200,,,200,,
840,2017,2017-11-07 00:00:00,Suvarnabhumi Airport,13.689999,100.750112,Thailand,15,Congo,,15,,
841,2017,2017-11-08 00:00:00,Nsanje,-16.72882,35.170874,Malawi,1,,,,,1
842,2017,2017-11-09 00:00:00,Nsanje,-16.72882,35.170874,Malawi,1,,,,,
843,2017,2017-11-10 00:00:00,Douala,4.051056,9.767869,Cameroon,1050,Southeast Cameroon,Nigeria,1050,,
845,2017,2017-11-13 00:00:00,Kalpitiya,8.229528,79.759614,Sri Lanka,130,,,130,,
846,2017,2017-11-13 00:00:00,Kuruman,-27.463374,23.433995,South Africa,1,,,,,1
847,2017,2017-11-15 00:00:00,Sangmelima,2.937215,11.986169,Cameroon,10,,,10.5,,
848,2017,2017-11-16 00:00:00,Changlun,6.43183 ,100.429997,Malaysia,140,,,Y,,55
849,2017,2017-11-16 00:00:00,Kuala Lumpur International Airport,2.734747,101.705109,Malaysia,337,"Sabah, Malaysia; Sarawak, Malaysia",Hong Kong,337,,
850,2017,2017-11-19 00:00:00,Hung Yen,20.852571,106.016997,Vietnam,113,,,,,113
851,2017,2017-11-21 00:00:00,Chaiyaphum,15.806817,102.031503,Thailand,105,"Lad Lum Kaew, Thailand",Laos,,,105
852,2017,2017-11-22 00:00:00,Douala,4.051056,9.767869,Cameroon,128,,,128,,
854,2017,2017-12-12 00:00:00,Tai Po,22.446916,114.176531,China - Hong Kong,313,,,313,,
855,2017,2017-12-21 00:00:00,Bac Giang,21.301495,106.62913,Vietnam,200,,,200,,
856,2017,2017-12-23 00:00:00,Chek,12.565679,104.990963,Cambodia,7,,,1.8,1,4
857,2017,2017-12-24 00:00:00,Libassa Wildlife Sanctuary,6.164929,-10.4288685,Liberia,1,,,,,1
858,2018,2018-01-01 00:00:00,N/A Country level,6.827623,-5.289343,Côte d’Ivoire,578,,,578,,
860,2018,2018-01-01 00:00:00,Bandar Pinggiran Subang ,3.162732,101.550254,Malaysia,57,,,,,57
862,2018,2018-01-02 00:00:00,Quang Ninh Province,21.006382,107.292514,Vietnam,11,,,,11,
863,2018,2018-01-05 00:00:00,Kwai Chung,22.36685,114.130259,China - Hong Kong,1800,Nigeria,,1800,,
864,2018,2018-01-07 00:00:00,Ha Long city,20.971198,107.044807,Vietnam,30,,,30,,
865,2018,2018-01-11 00:00:00,Gumbu,-22.365159,30.791022,South Africa,1,,,,,1
866,2018,2018-01-16 00:00:00,Pietermaritzburg,-29.600607,30.379412,South Africa,1,,,,,1
867,2018,2018-01-19 00:00:00,Tan Thanh ,10.564073,107.059523,Vietnam,100,"Noi Bai International Airport, Vietnam","Tan Thanh border gate, Vietnam",100,,
868,2018,2018-01-20 00:00:00,Dat Mui,8.612569,104.775431,Vietnam,415,,,301,,114
869,2018,2018-01-22 00:00:00,"Balaghat, Madhya Pradesh",21.812876,80.183829,India,2,,,2,,
870,2018,2018-01-24 00:00:00,Ho Chi Minh City,10.823099,106.629664,Vietnam,2,,,,2,
871,2018,2018-01-26 00:00:00,Mong Cai,21.525944,107.972367,Vietnam,316,,China,316,,
872,2018,2018-01-29 00:00:00,Kaohsiung Pier 66,22.619953,120.281657,China - Taiwan,4000,Malaysia,,,4000,
873,2018,2018-01-30 00:00:00,Ambam,2.381542,11.26655,Cameroon,80,,,80,,
874,2018,2018-02-01 00:00:00,"Balaghat, Madhya Pradesh",21.812876,80.183829,India,5,,,5,,
875,2018,2018-02-01 00:00:00,Walukarama Mawatha,6.905153,79.853762,Sri Lanka,1,,,,1,
876,2018,2018-02-02 00:00:00,Lanji,21.510916,80.549401,India,1,,,,,1
877,2018,2018-02-10 00:00:00,Salugara,26.766218,88.446445,India,6,Bhutan,Nepal,6,,
878,2018,2018-02-15 00:00:00,Ikeja,6.602337,3.356609,Nigeria,2001,,,2001,,
879,2018,2018-02-16 00:00:00,Muang district,13.864922,99.589604,Thailand,30,,,5,1,24
880,2018,2018-02-23 00:00:00,Wagle Estate,19.186752,72.954549,India,1,,,,,1
881,2018,2018-03-01 00:00:00,Kampala,0.350996,32.557733,Uganda,50,,,50,,
882,2018,2018-03-01 00:00:00,Zhongshan,22.517585,113.39277,China,1,,,1.01,,
883,2018,2018-03-01 00:00:00,Kunming Changshui International Airport,25.092798,102.928477,China,1,,,0.43,,
884,2018,2018-03-05 00:00:00,Ikeja,6.588222,3.361983,Nigeria,8492,,,8492,,
885,2018,2018-03-07 00:00:00,Tsing Yi Customs Cargo Examination Compound,22.347487,114.102316,China - Hong Kong,2800,Nigeria,,2800,,
887,2018,2018-03-09 00:00:00,Cikembang,-6.849734,106.873891,Indonesia,3,,,1.6,,1
888,2018,2018-03-13 00:00:00,Yaoundé,3.848033,11.502075,Cameroon,40,,,40,,
889,2018,2018-03-14 00:00:00,Huanggang Port,22.520087,114.075065,China,2,,,2,,
890,2018,2018-03-19 00:00:00,Cotonou Airport,6.356111,2.383333,Benin,513,,Vietnam,513,,
891,2018,2018-03-19 00:00:00,Matetsi,-18.2391474,26.0425094,Zimbabwe,1,,,,,1
892,2018,2018-03-23 00:00:00,Bintulu,3.214699,112.942023,Malaysia,31,,,,,31
893,2018,2018-03-25 00:00:00,Huanggang Port,22.520087,114.075065,China,13,,,12.56,,
894,2018,2018-03-26 00:00:00,Nanning,22.817002,108.366543,China,14,,,,,14
895,2018,2018-03-28 00:00:00,Honghe,23.36225,103.374576,China,4,,,3.52,,
896,2018,2018-03-29 00:00:00,Tribhuvan International Airport,27.69809,85.359223,Nepal,162,"Democratic Republic of Congo; Istanbul, Turkey",,162,,
897,2018,2018-04-01 00:00:00,Harare Gardens,-17.823438,31.047127,Zimbabwe,2,,,,1,1
898,2018,2018-04-05 00:00:00,Bintulu,3.171322,113.041907,Malaysia,142,,,,142,
899,2018,2018-04-06 00:00:00,Douala International Airport,4.013439,9.717007,Cameroon,1000,,China,1000,,
900,2018,2018-04-10 00:00:00,Makhado,-23.046241,29.904656,South Africa,1,,,,,1
901,2018,2018-04-10 00:00:00,Yueqing,28.113725,120.983906,China,2,"Fujian, China; Guangdong, China",,,,2
902,2018,2018-04-12 00:00:00,Thoubal district,24.543551,93.967437,India,2,,,1.5,,
903,2018,2018-04-22 00:00:00,Varanasi,25.324669,82.98949,India,1,,,,,1
904,2018,2018-04-22 00:00:00,Palawan,9.834949,118.738362,Philippines,1,,,,1,
905,2018,2018-04-24 00:00:00,Lao Bao,16.627304,106.59966,Vietnam,15,,,,,15
906,2018,2018-04-27 00:00:00,Cat Lai Port,10.757996,106.788932,Vietnam,3800,Democratic Republic of Congo; Singapore,,3800,,
907,2018,2018-05-01 00:00:00,N/A Country level,21.003118,105.820141,Vietnam,4000,Democratic Republic Congo,,4000,,
908,2018,2018-05-03 00:00:00,Saigon Port,10.6462922,106.7578068,Vietnam,3300,Nigeria,Cambodia,3300,,
910,2018,2018-05-11 00:00:00,Makalu,27.886022,87.091189,Nepal,2,,,1.5,,
911,2018,2018-05-15 00:00:00,Tsing Yi Customs Cargo Examination Compound,22.347487,114.102316,China - Hong Kong,630,Indonesia,,630,,
912,2018,2018-05-18 00:00:00,Huangtian,27.6253,111.856859,China,19,,,,,19
915,2018,2018-05-22 00:00:00,Nanga Pinoh,-0.40284,111.825493,Indonesia,9,,,9.45,,
916,2018,2018-05-24 00:00:00,Doume,4.239999,13.448287,Cameroon,35,,,35,,
917,2018,2018-05-24 00:00:00,Yaoundé,3.848032,11.502075,Cameroon,2,,,,,2
919,2018,2018-05-27 00:00:00,Mangalbare,26.950979,87.830414,Nepal,4,,,4.2,,
920,2018,2018-05-27 00:00:00,Makoua ,-0.004491,15.61193,Republic of the Congo (Congo-Brazzaville),0.5,,,0.5,,
921,2018,2018-06-01 00:00:00,Kudremukh National Park,13.222606,75.250823,India,1,,,Y,1,
922,2018,2018-06-05 00:00:00,Hoedspruit,-24.35601,30.947981,South Africa,1,,,,,1
923,2018,2018-06-06 00:00:00,Wiang Kaen,19.996401,100.462137,Thailand,40,Laos,,,,40
924,2018,2018-06-14 00:00:00,Hoang Minh ,19.8543756,105.8109664,Vietnam,74,,,,,74
925,2018,2018-06-18 00:00:00,Bhubaneswar,20.296059,85.82454,India,5,,"Puri, India",5,,
926,2018,2018-06-21 00:00:00,Congo Brazzaville,-0.228021,15.827659,Republic of the Congo (Congo-Brazzaville),1798,Democratic Republic of Congo,"Douala, Cameroon; Lagos, Nigeria",1798,,
927,2018,2018-06-23 00:00:00,Hà Tĩnh Province,18.294378,105.674525,Vietnam,7,"Pakse Province, Laos","Nghệ An, Vietnam",,1,6
928,2018,2018-07-01 00:00:00,Birur,13.596803,75.972449,India,11,,,11,,
929,2018,2018-07-01 00:00:00,Bukit Kayu Hitam,6.509743,100.420391,Malaysia,65,"Jitra, Malaysia",,,,65
930,2018,2018-07-01 00:00:00,Nanning,22.821165,108.315976,China,81,,,81.49,,
931,2018,2018-07-01 00:00:00,Johannesburg,-26.204103,28.047304,South Africa,1,,,,,1
934,2018,2018-07-06 00:00:00,Maligaon Chariali,26.159212,91.697844,India,1,"Silbori, India",,,,1
935,2018,2018-07-09 00:00:00,Mễ Sở,20.8948,105.92516,Vietnam,116,,,,,116
936,2018,2018-07-11 00:00:00,Zhaoqing Customs ,23.054203,112.446749,China,7260,,,7260,,
937,2018,2018-07-17 00:00:00,Daluo border crossing,21.699818,100.052995,China,1,,,,,1
938,2018,2018-07-18 00:00:00,Noi Bai International Airport,21.218715,105.804171,Vietnam,334,"Kano, Nigeria; Istanbul, Turkey",,334,,
939,2018,2018-07-20 00:00:00,Tsing Yi customs cargo examination compound ,22.347487,114.102316,China - Hong Kong,7100,Nigeria,"Guangdong, China",7100,,
940,2018,2018-07-25 00:00:00,Puerto Princesa,9.967216,118.78551,Philippines,21,,,,21,
941,2018,2018-07-26 00:00:00,Tejosho market,6.506208,3.367513,Nigeria,1031,,,1031,,
942,2018,2018-07-30 00:00:00,Etosha National Park,-18.855591,16.329321,Namibia,46,,,,31,15
943,2018,2018-07-31 00:00:00,Hội An,15.880058,108.338043,Vietnam,4,,"Tam Ky, Vietnam",,4,
944,2018,2018-08-01 00:00:00,Rustenburg,-25.654607,27.245446,South Africa,1,,,,,1
945,2018,2018-08-01 00:00:00,Shanghai,31.230391,121.473701,China,13,,,13.4,,
946,2018,2018-08-03 00:00:00,Zongo,-3.011658,28.299435,Democratic Republic of Congo,230,,Central African Republic,230,,
947,2018,2018-08-08 00:00:00,Vientiane,17.964099,102.613371,Laos,6,,,,4,2
948,2018,2018-08-11 00:00:00,Koh Kong Province,11.332275,103.013792,Cambodia,1,,,,,1
949,2018,2018-08-18 00:00:00,"Bonanpriso, Douala",4.02478,9.700279,Cameroon,718,Cameroon,Nigeria,718,,
950,2018,2018-08-18 00:00:00,Lagos,6.524379,3.379206,Nigeria,738,,,738,,
951,2018,2018-08-23 00:00:00,Cardamon Chain,11.55092,104.91655,Cambodia,1,,,,,1
952,2018,2018-08-25 00:00:00,Deuli,22.86285,87.314348,India,5,,,,,1
953,2018,2018-08-25 00:00:00,Yaoundé,3.848033,11.502075,Cameroon,270,Sangmelima,Yaoundé,270,,
954,2018,2018-08-25 00:00:00,Penang Province,13.71623,100.55645,Thailand,172,"Penang Province, Malaysia",,10,,162
955,2018,2018-08-26 00:00:00,Kwa Zulu,-26.64939,30.68137,South Africa,1,,,,,1
956,2018,2018-08-27 00:00:00,Bhimeshwor ,27.669323,86.042763,Nepal,1,,,,1,
957,2018,2018-08-28 00:00:00,São Paulo ,-8.832439,13.260396,Angola,895,,,895,,
958,2018,2018-08-28 00:00:00,Bulawayo,-20.132507,28.626478,Zimbabwe,1,,,,,1
959,2018,2018-08-29 00:00:00,Jintan,31.723464,119.5826,China,47,,,,40,7
960,2018,2018-08-30 00:00:00,Macau,22.198746,113.543877,China,100,Hong Kong,,100,,
961,2018,2018-09-01 00:00:00,"Kedah, Malaysia",6.118396,100.368459,Malaysia,81,,,,,
962,2018,2018-09-01 00:00:00,Pretoria,-25.747868,28.229271,South Africa,1,,,,,1
963,2018,2018-09-04 00:00:00,Nanning,22.82193,108.3181,China,4,,,,,4
964,2018,2018-09-06 00:00:00,Mong Cai,21.52514,107.96566,Vietnam,149,,China,7,21,121
965,2018,2018-09-07 00:00:00,Kabbinamane,13.1852,75.8249,India,2,,,,,2
966,2018,2018-09-12 00:00:00,Đức Trọng,11.73665,108.37356,Vietnam,2,,,,,2
967,2018,2018-09-19 00:00:00,Fangchenggang,21.617752,108.34536,China,16,Vietnam,,,,16
968,2018,2018-09-28 00:00:00,Noi Bai International Airport,21.218715,105.804171,Vietnam,803,Nigeria,Hanoi,803,,
969,2018,2018-10-01 00:00:00,"Halagoor, Mandya ",12.422764,77.226145,India,1,,,,,1
970,2018,2018-10-01 00:00:00,Dolakha,27.778429,86.175176,Nepal,3,,,2.6,,
971,2018,2018-10-02 00:00:00,Maharashtra,19.75148,75.713888,India,6,,,6,,
972,2018,2018-10-04 00:00:00,Danang,16.054407,108.202167,Vietnam,6000,Nigeria,,6000,,
974,2018,2018-10-07 00:00:00,Nanjangud-Chamarajanagar Road,12.12283,76.688546,India,1,,,,,1
975,2018,2018-10-08 00:00:00,Bhimeshwor Municipality,27.669323,86.042763,Nepal,3,,,2.9,,
976,2018,2018-10-10 00:00:00,"Hunan, Guangdong, Fujian, Jiangxi and Hainan provinces and Guangxi Zhuang Autonomous Region",27.6253,111.856859,China,282,,Guangxi Zhuang ,66,,216
977,2018,2018-10-12 00:00:00,Maharashtra,19.75148,75.713888,India,1,,Thane,,,1
979,2018,2018-10-16 00:00:00,Livingstone,-17.851979,25.828515,Zambia,1,,,,,1
980,2018,2018-10-16 00:00:00,"Phú Lộc, Thua Thien Hue",16.272543,107.939476,Vietnam,1,,,,,1
981,2018,2018-10-19 00:00:00,Plateau-Dokui,5.3968,-3.997529,Côte d’Ivoire,150,,,150,,
982,2018,2018-10-23 00:00:00,"Oakmoor Railway Station, Glen Marais",-26.005823,28.248564,South Africa,1,,,,,1
983,2018,2018-10-23 00:00:00,Kunming,24.880095,102.832891,China,0.3,,,0.245,,
984,2018,2018-10-24 00:00:00,Kollegal,12.153679,77.111121,India,1,,,,,1
985,2018,2018-10-25 00:00:00,Pienaar,-25.4216,31.1791,South Africa,1,,,,,1
986,2018,2018-10-26 00:00:00,"Khadda Market, Lyari, Karachi",24.856526,66.993014,Pakistan,200,,,200,,
987,2018,2018-10-29 00:00:00,Tzaneen,-23.831985,30.135835,South Africa,1,,,,,1
988,2018,2018-11-04 00:00:00,Prayagraj,25.435801,81.846311,India,1,,,,,1
989,2018,2018-11-04 00:00:00,Haiphong,20.837355,106.773205,Vietnam,500,,Haiphon,500,,
991,2018,2018-11-12 00:00:00,Abong-Mbang,3.98643,13.17893,Cameroon,45,,,45,,
992,2018,2018-11-13 00:00:00,Aheri,19.74022,79.29452,India,1,,,,,1
993,2018,2018-11-13 00:00:00,Hong Kong,22.309671,114.186404,China - Hong Kong,48,DRC,Macau,48,,
995,2018,2018-11-16 00:00:00,West Midnapore,22.408038,87.381073,India,1,Odisha,Jaigaon,,,
996,2018,2018-11-16 00:00:00,Hong Kong,22.319201,114.169612,China - Hong Kong,109,"Kinshasa, DRC","Casablanca, Morocco and Doha, Qatar",109,,
997,2018,2018-11-17 00:00:00,Boko,25.97608,91.23185,India,1,,,,,1
998,2018,2018-11-19 00:00:00,"Mururani, Mankupi Constituency",-18.786597,18.935366,Namibia,2,,,,,2
999,2018,2018-11-19 00:00:00,Nkurenkuru,-17.628223,18.61014,Namibia,2,,,,,
1000,2018,2018-11-22 00:00:00,Mysuru,12.29581,76.639381,India,1,,,,,1
1001,2018,2018-11-23 00:00:00,Ndola,-12.996071,28.657654,Zambia,0.2,,China,0.217,,
1002,2018,2018-12-04 00:00:00,Maidalpur,19.47176,82.59331,India,2,,,,,2
1003,2018,2018-12-05 00:00:00,Lomé,6.13365,1.22311,Togo,37,,,37,,
1004,2018,2018-12-08 00:00:00,Mayurbhanj,21.824221,86.424179,India,2,,,,,2
1005,2018,2018-12-10 00:00:00,Tadoba-Andhari Tiger Reserve,22.2129,88.7112,India,1,,,,,1
1006,2018,2018-12-11 00:00:00,Mothibistad,-27.39967,23.49005,South Africa,1,,,,1,
1008,2018,2018-12-12 00:00:00,Malkangiri,18.16408,81.953484,India,1,,,,,1
1009,2018,2018-12-16 00:00:00,Shrivardhan,18.13048,73.02939,India,2,,,,,2
1010,2018,2018-12-20 00:00:00,Gaborone,-24.655319,25.908728,Botswana,2,Kgalagardi area,,,,2
1011,2018,2018-12-22 00:00:00,Shirdhon,18.934201,73.137911,India,1,,"Panvel, India",,,1
1012,2018,2018-12-23 00:00:00,Rayagada,19.171209,83.416323,India,1,,"Bhubaneswar, India",,,1
1013,SPLIT 2018-2019,2018-12-24 00:00:00,Chikkamagaluru,13.404507,75.620809,India,1,,,,,1
1014,2018,2018-12-25 00:00:00,Bulawayo,-20.132507,28.626479,Zimbabwe,2,,,,,2
1015,2018,2018-12-28 00:00:00,Arunachal,28.217999,94.727753,India,2,,,2,,
1016,SPLIT 2018-2019,2018-12-29 00:00:00,Hong Kong,22.308047,113.918481,China - Hong Kong,440,,,440,,
1017,2018,2018-12-31 00:00:00,Lagos,6.524379,3.379206,Nigeria,7561,,,7561,,
1018,2019,2019-01-01 00:00:00,Petauke,-14.250143,31.333053,Zambia,1,,,,,
1019,2019,2019-01-03 00:00:00,Kota Belud,6.353248,116.427877,Malaysia,1,,,,,1
1021,2019,2019-01-05 00:00:00,Vastare,13.270194,75.709527,India,1,,,,,1
1022,2019,2019-01-08 00:00:00,Thane,19.218331,72.97809,India,1,,,,,1
1023,2019,2019-01-09 00:00:00,Dongxing,21.547821,107.971826,China,1,,,0.8,,
1026,2019,2019-01-15 00:00:00,Malkangiri,18.16408,81.953481,India,1,,,,,1
1027,2019,2019-01-16 00:00:00,Huong Son,18.511801,105.266293,Vietnam,215,,,,,215
1028,2019,2019-01-17 00:00:00,Hong Kong,22.309671,114.186404,China - Hong Kong,8300,Nigeria,China,8300,,
1029,2019,2019-01-19 00:00:00,Shenzhen,22.501413,113.945498,China,10,,,10.2,,
1030,2019,2019-01-23 00:00:00,Rattanawapi,18.213901,103.177456,Thailand,15,Laos,Thailand,,,15
1031,2019,2019-01-24 00:00:00,Elegu,3.56337,32.071751,Uganda,423,"South Sudan, DRC",Vietnam,423,,
1032,2019,2019-01-25 00:00:00,Haiphong,20.847631,106.687632,Vietnam,1500,"Port of Apapa, Nigeria","Hanoi, Vietnam",1500,,
1034,2019,2019-02-04 00:00:00,Various,,,Various,1649,,,866,,
1035,2019,2019-02-07 00:00:00,Tamparuli,6.135609,116.267007,Malaysia,6000,,,361,572,61
1036,2019,2019-02-15 00:00:00,Sabah,5.595237,117.005173,Malaysia,23,"Malaysia, Sarawak",,,,23
1037,2019,2019-02-19 00:00:00,Chipata,-13.6369,32.6492,Zambia,1,,,,,1
1039,2019,2019-02-23 00:00:00,"Engen, Benoni",-26.193036,28.308238,South Africa,1,,,,,1
1040,2019,2019-02-25 00:00:00,"Mannady, Chennai",13.095944,80.287101,India,111,,,111,,
1041,2019,2019-02-26 00:00:00,Madrid,40.416705,-3.7035825,Spain,1,"Morocco, Casablanca",,,1,0
1042,2019,2019-02-27 00:00:00,"Beharbari, Guwahati",26.108414,91.777296,India,1,,,,,1
1044,2019,2019-02-28 00:00:00,Sadao,6.63401,100.421,Thailand,47,"Malaysia, Alor Setar, Kedah state",Thailand,,,47
1045,2019,2019-03-02 00:00:00,Sam Roi Yot,12.2084,99.8593,Thailand,76,"Thailand, Khlong Wan","Thailand, Muang, Prachuap Khiri Khan",,,76
1046,2019,2019-03-04 00:00:00,"Kisenyi, Kampala",1.366667,32.7,Uganda,48,,,47.96,,
1047,2019,2019-03-06 00:00:00,Kathmandu,27.7350475,85.3145965,Nepal,2,,,1.7,,
1048,2019,2019-03-13 00:00:00,Sikkim,27.601029,88.454136,India,10,,Bhutan,2.4,,
1049,2019,2019-03-14 00:00:00,Douala,4.053739,9.664437,Cameroon,2500,,Nigeria,2500,,
1050,2019,2019-03-18 00:00:00,"Boko, Kamrup",25.9753,91.2276,India,1,,,,,1
1051,2019,2019-03-22 00:00:00,"Guangdong, Guangxi",23.135769,113.198269,China,176.55,Vietnam,China,21.55,52,103
1052,2019,2019-03-22 00:00:00,Phalaborwa,-23.948502,31.137577,South Africa,1,,,,1,
1053,2019,2019-03-26 00:00:00,Khalapur,18.85018,73.27735,India,1,,,,1,
1054,2019,2019-04-02 00:00:00,Shandong,36.0000001,118.9999999,China,25,Vietnam,China,24.73,,
1055,2019,2019-04-03 00:00:00,Singapore,1.355379,103.839758,Singapore,36000,Singapore,Vietnam,12900,,
1056,2019,2019-04-04 00:00:00,Hưng Yên,20.6490983,106.0509951,Vietnam,39,,,,,
1057,2019,2019-04-08 00:00:00,Singapore,1.355379,103.839758,Singapore,21000,Singapore,Vietnam,12700,,
1058,2019,2019-04-12 00:00:00,Meiganga,6.5172003,14.2946927,Cameroon,12,,,12,,
1059,2019,2019-05-04 00:00:00,Maharashtra,19.2341381,72.9455652,India,2,,,,,2
1061,2019,2019-05-07 00:00:00,"Kalakhora, Karnataka, India",17.639,76.9599,India,1,,Bhutan,,1,
1062,2019,2019-05-07 00:00:00,Manchanahalli,12.6123867,76.5669393,India,2.5,,,2.5,,
1063,2019,2019-05-10 00:00:00,"Raipur, Moudhapara",20.91667,82,India,2,,,,2,
1065,2019,2019-03-25 00:00:00,Hai Phong,20.79804,106.904536,Vietnam,8300,,,8300,,
1066,2018,2018-01-01 00:00:00,Binga,-17.6218,27.3426,Zimbabwe,1,,,0.4,,
1067,2019,2019-05-17 00:00:00,Upington,-28.456325,21.241867,South Africa,4,,,,4,
1068,2019,2019-05-23 00:00:00,Cai Mep,10.53695,107.032258,Vietnam,5260,Nigeria,,5260,,
1069,2019,2019-05-13 00:00:00,Sarikei,2.129485,111.523059,Malaysia,1,,,,1,
1071,2019,2019-02-22 00:00:00,Binga,-17.6218,27.3426,Zimbabwe,3,,,2.525,,
1072,2019,2019-06-04 00:00:00,Pune,18.5203,73.8543,India,1,,,,,1
1073,2019,2019-06-02 00:00:00,Sachona,-17.96667,23.45,Namibia,2,,,,,2
1074,2019,2019-05-09 00:00:00,Douala,4.0537386,9.6644366,Cameroon,100,,,100,,
1075,2019,2019-04-12 00:00:00,Hai Phong,20.80549,106.73784,Vietnam,3977,,,3977,,
1076,2019,2019-06-18 00:00:00,Thane,19.194329,72.970178,India,5.5,,,5.5,,
1077,2019,2019-06-05 00:00:00,Okahandja,-21.979231,16.9128172,Namibia,1,,,,1,
1078,2019,2019-07-21 00:00:00,Singapore,1.2904753,103.8520359,Singapore,11900,Democratic Republic of Congo,Vietnam,11900,,
1079,2019,2019-07-29 00:00:00,Huong Son,21.4611301,105.9786119,Vietnam,30,"Laos, Laksao",Vietnam,,,30
1080,2019,2019-06-20 00:00:00,Guwahati,26.1806,91.7539,India,1,,,,,1
1081,2019,2019-06-28 00:00:00,Tagaytay,14.115,120.964,Philippines,10,,,,,10
1082,2018,2018-08-01 00:00:00,Irene Mall,-25.7449,28.1878,South Africa,1,,,,,1
1083,2019,2019-06-30 00:00:00,Katni District,23.833962,80.39245,India,1,,,,,1
1084,2019,2019-06-17 00:00:00,Kyegwegwa District,0.481266,31.0553,Uganda,5.38,,,5.38,,
1085,2019,2019-07-08 00:00:00,Qingdoa Customs,36.0895,120.35,China,1,Vietnam - Online,,1,,
1087,2019,2019-07-04 00:00:00,Omaruru,-21.4174,15.9514,Namibia,1,,,,,1
1088,2019,2019-06-01 00:00:00,Canada,61.0666922,-107.9917071,Canada,2,,,,2,
1089,2019,2019-06-13 00:00:00,Itezhi Tezhi,-15.7439,26.0181999,Zambia,1,,,,,1
1091,2019,2019-07-03 00:00:00,Nigeria,9.6000359,7.9999721,Nigeria,671,,,671,,
1092,2019,2019-07-29 00:00:00,Istanbul Airport,40.9793,28.8156,Turkey,1210,,,1210,,
1093,2019,2019-07-15 00:00:00,Gomwe,-17.28621,32.10555,Zimbabwe,1,,,,,1
1094,2019,2019-08-03 00:00:00,Kurai,21.8098,79.50369,India,4,,,4,,
1096,2019,2019-08-12 00:00:00,Bamenda,5.9614117,10.1516505,Cameroon,383,,,383,,
1097,2019,2019-06-15 00:00:00,Changsha Airport,28.1967,113.2208,China,0.29,Hong Kong,,0.29,,
1098,2019,2019-08-14 00:00:00,Prakasam,15.5,79.5,India,1,,,,,1
1099,2019,2019-07-17 00:00:00,Hong Kong International Airport,22.308047,113.918481,China - Hong Kong,100,"Kinshasa (DRC), Xiamen (China)",,100,,
1101,2019,2019-08-18 00:00:00,Pienaarsriver,-25.2069,28.294399,South Africa,1,,,,,1
1102,2019,2019-08-21 00:00:00,Omaruru,-21.417372,15.9514037,Namibia,1,,,,,1
1103,2019,2019-08-26 00:00:00,Bhaktapur Municipality,27.672332,85.428702,Nepal,0.38,,,0.38,,
